date,AAPL,AMZN,MSFT,GOOG,XOM,APC,CVX,C,GS,JPM,AET,JNJ,DGX,SPY,XLF,SSO,SDS,USO
2017-01-03,112.6208,753.67,60.1715,786.14,83.316,68.7428,109.136,58.0193,235.3232,82.7023,120.0301,109.9246,88.5165,216.8377,22.7081,76.4006,58.5837,11.44
2017-01-04,112.4948,757.18,59.9023,786.9,82.3993,69.2908,109.1083,58.8045,236.8428,82.8548,121.144,109.7443,89.1101,218.1277,22.8916,77.3004,57.9144,11.58
2017-01-05,113.0669,780.45,59.9023,794.02,81.171,70.0736,108.636,57.7799,235.0796,82.0922,121.6619,110.8926,88.7463,217.9544,22.6598,77.162,57.9538,11.7
2017-01-06,114.3274,795.99,60.4215,806.15,81.1252,70.2008,108.2007,57.981,238.5671,82.1017,121.4176,110.3612,88.5346,218.7342,22.7371,77.7257,57.5207,11.68
2017-01-09,115.3745,796.92,60.2292,806.65,79.7868,68.4786,107.2747,57.665,236.609,82.1589,120.3623,110.3422,88.9291,218.0122,22.5825,77.2114,57.875,11.31
2017-01-10,115.4909,795.9,60.21,804.79,78.7693,68.0872,106.4597,57.6746,236.2973,82.3972,120.1078,110.2283,89.4775,218.0122,22.6308,77.2016,57.9144,11.07
2017-01-11,116.1114,799.02,60.7581,807.91,79.576,70.0638,107.358,57.416,239.4048,83.0169,120.0686,108.8713,89.7373,218.6283,22.7757,77.6268,57.6388,11.37
2017-01-12,115.6266,813.64,60.2004,806.36,79.1452,69.9562,107.571,56.717,237.5345,82.2161,120.0784,108.7669,89.5929,218.0796,22.5825,77.2708,57.875,11.54
2017-01-13,115.423,817.14,60.2869,807.88,79.1543,69.7116,107.7747,57.1,237.9826,82.6546,119.7553,108.748,89.1888,218.5802,22.7081,77.5971,57.6388,11.41
2017-01-17,116.3538,809.72,60.1235,804.61,80.0802,69.2027,107.6821,55.903,229.6439,79.6516,118.5118,109.0042,88.7655,217.81,22.1672,77.0433,58.0719,11.43
2017-01-18,116.3442,807.48,60.0946,806.07,79.0902,68.3905,107.3673,54.9551,228.2314,80.0234,118.4433,108.8429,89.439,218.2914,22.3507,77.3697,57.7963,11.16
2017-01-19,116.1405,809.04,59.9023,802.175,77.6693,68.6743,107.0339,54.256,225.4259,79.4133,120.0001,108.3684,88.0632,217.4827,22.2541,76.8357,58.2294,11.17
2017-01-20,116.3538,808.33,60.3254,805.02,78.7327,68.5275,107.0524,53.7294,226.1955,79.766,119.9707,108.3209,87.5532,218.2818,22.3604,77.2906,57.875,11.39
2017-01-23,116.4314,817.88,60.5369,819.31,77.8893,68.3612,106.8579,53.3176,226.6533,79.8041,116.7102,108.0932,87.6206,217.7138,22.2155,76.9543,58.1112,11.32
2017-01-24,116.3248,822.44,61.0754,823.87,77.9993,69.6528,107.7655,54.3326,227.6372,80.767,115.1535,106.053,87.8804,219.1097,22.4956,77.8641,57.4026,11.37
2017-01-25,118.1767,836.52,61.2292,835.67,78.2285,69.1538,108.5712,55.2423,231.1149,82.0159,116.6515,107.0399,88.3999,221.0062,22.8723,79.1892,56.4183,11.31
2017-01-26,118.2349,839.15,61.7965,832.15,78.4668,69.6137,107.9322,54.9263,233.3846,82.7023,115.1828,106.1289,89.3716,220.7751,22.9302,79.1002,56.497,11.53
2017-01-27,118.2446,835.77,63.2484,823.31,78.3843,68.5079,105.3763,54.6869,230.8226,82.8739,114.9968,107.5903,89.2081,220.4286,22.8433,78.8925,56.6152,11.4
2017-01-30,117.9343,830.38,62.6234,802.32,77.7885,67.3533,103.5519,54.2081,227.8515,82.0159,114.2722,107.353,87.1107,219.0615,22.6598,77.9432,57.2845,11.28
2017-01-31,117.6628,823.48,62.1619,796.79,76.8993,68.0382,103.1167,53.4612,223.3899,80.6812,116.1326,107.4669,88.4384,219.0423,22.5149,77.9037,57.4026,11.32
2017-02-01,124.838,832.35,61.1331,795.695,76.0285,66.8933,102.7925,53.6719,224.705,80.9863,119.0699,107.4479,89.0445,219.1289,22.5439,77.9234,57.3632,11.48
2017-02-02,124.6247,839.95,60.7388,798.53,76.496,67.6175,103.9131,53.7584,224.4518,80.6431,117.9341,107.7706,88.9772,219.2733,22.457,77.963,57.2845,11.51
2017-02-03,125.158,810.2,61.2292,801.49,76.5785,68.8896,105.1725,55.4677,234.7192,83.1122,120.0001,107.837,89.7757,220.7848,22.7467,79.0606,56.4577,11.54
2017-02-06,126.3312,807.64,61.1908,801.34,76.3677,67.6175,104.6261,55.3525,233.7743,82.7214,118.267,107.6092,89.2658,220.3901,22.8047,78.7838,56.6939,11.38
2017-02-07,127.5335,812.5,60.9888,806.97,76.562,65.6995,103.1537,54.9203,233.4236,82.6737,118.1495,107.6852,89.1119,220.3997,22.7467,78.8134,56.6545,11.19
2017-02-08,128.028,819.71,60.9023,808.38,76.0579,65.7093,103.3297,54.0849,231.5825,81.9491,118.7958,107.6092,89.5256,220.6885,22.5922,79.0211,56.5364,11.23
2017-02-09,128.9532,821.36,61.5946,809.56,76.3939,66.9521,103.9594,54.9876,235.3037,83.1313,118.6783,108.2545,90.2183,221.9978,22.9013,79.8616,55.8671,11.35
2017-02-10,128.661,827.46,61.5369,813.67,77.0287,67.8523,104.691,55.3429,236.4434,82.9406,119.1482,109.3553,90.0163,222.8738,22.9689,80.4846,55.434,11.5
2017-02-13,129.8004,836.53,62.2292,819.24,77.4767,66.6781,105.4874,56.6105,239.9016,84.037,119.5007,109.9626,90.4011,224.0868,23.2297,81.3845,54.8041,11.32
2017-02-14,131.4851,836.39,62.4614,820.45,77.3087,66.864,105.1975,57.4556,243.0091,85.3812,123.1822,110.4181,91.0265,224.9821,23.5001,82.0767,54.371,11.38
2017-02-15,131.9623,842.7,62.4227,818.98,77.6261,66.0714,105.2443,58.099,244.0612,86.3631,125.7572,111.2152,91.777,226.1566,23.6836,82.8876,53.8592,11.36
2017-02-16,131.8016,844.14,62.413,824.16,76.8233,65.1711,103.4773,57.9837,242.9897,86.3059,126.7853,112.0503,91.6904,225.9641,23.6257,82.7887,53.9773,11.41
2017-02-17,132.1668,845.07,62.5097,828.07,76.3192,65.3375,103.1501,57.7821,243.9053,86.0199,122.6535,112.7904,92.0175,226.3203,23.6353,82.9568,53.7805,11.39
2017-02-21,133.1211,856.44,62.384,831.66,76.4406,65.768,104.4496,58.147,245.2497,86.7635,123.7011,113.5496,92.2388,227.6681,23.7512,83.9556,53.1505,11.54
2017-02-22,133.5204,855.61,62.2582,830.76,75.5445,64.4274,103.1968,58.2142,245.2204,86.8112,126.0999,113.4167,91.979,227.4659,23.7706,83.8468,53.1899,11.36
2017-02-23,132.9556,852.19,62.5097,831.33,76.3379,64.5644,103.7952,58.2142,244.6944,86.8779,127.0203,115.4854,91.9886,227.6199,23.7706,83.9951,53.1505,11.53
2017-02-24,133.0822,845.24,62.5097,828.64,75.6845,63.3804,102.9537,57.1963,240.9537,86.1152,126.2762,117.2335,93.6242,227.9087,23.587,84.1435,53.0324,11.46
2017-02-27,133.3451,848.64,62.1325,829.28,76.1139,63.5076,104.4776,57.638,242.8825,86.2106,126.7559,116.9183,93.7782,228.2649,23.7126,84.45,52.7962,11.47
2017-02-28,133.4035,845.04,61.8906,823.21,75.9085,63.2629,105.1788,57.4364,242.277,86.3917,126.0706,116.7368,93.7493,227.6488,23.703,84.005,53.1112,11.45
2017-03-01,136.1302,853.08,62.8193,835.24,77.4954,64.6035,106.469,59.0977,246.8186,89.2327,127.3238,118.3129,94.6729,230.8353,24.3791,86.23,51.6544,11.4
2017-03-02,135.3219,848.91,61.9196,830.63,77.7568,62.715,105.9829,58.2238,245.207,87.8408,126.8049,118.0932,94.5479,229.3817,24.0024,85.2708,52.245,11.17
2017-03-03,136.1205,849.88,62.1518,829.08,76.9727,61.8538,106.1605,58.5791,246.9944,88.47,127.9602,118.246,94.7884,229.5261,24.1183,85.3202,52.2056,11.29
2017-03-06,135.692,846.61,62.1712,827.78,77.318,61.942,105.8052,57.8877,246.1349,87.6311,128.5575,118.1696,94.6441,228.8425,23.9348,84.7961,52.56,11.28
2017-03-07,135.8673,846.02,62.2969,831.91,77.0287,61.8538,104.5337,58.099,245.0507,87.1449,127.8623,118.2842,94.4517,228.159,23.8672,84.3314,52.8356,11.27
2017-03-08,135.3609,850.5,62.8676,835.37,75.6378,60.1302,102.4769,58.6848,244.4061,86.9542,128.9589,118.5421,94.2111,227.7354,23.8768,83.9556,53.0718,10.67
2017-03-09,135.0493,853.0,62.6161,838.68,76.2352,60.6591,102.8789,59.1073,244.3475,87.2974,130.036,120.3093,94.4805,228.0243,23.9637,84.1731,52.9537,10.53
2017-03-10,135.4972,852.46,62.8096,843.25,76.1792,60.6101,103.4118,59.0497,242.5895,87.0209,130.0262,120.5576,95.0386,228.8233,23.9444,84.6972,52.56,10.29
2017-03-13,135.5557,854.59,62.5968,845.54,76.0019,61.5209,102.2338,59.0881,242.3746,87.0972,129.8499,121.0066,95.0482,228.9388,24.0024,84.8258,52.5206,10.28
2017-03-14,135.3512,852.53,62.3066,845.62,75.6005,60.5318,100.3733,59.0017,241.9449,87.2402,129.2037,121.36,94.9231,228.0628,23.9348,84.2127,52.8749,10.19
2017-03-15,136.7827,852.97,62.6355,847.2,76.5433,62.7548,101.7944,58.4255,241.0268,87.4499,131.3088,123.1845,95.9622,230.0363,23.8961,85.5971,52.0088,10.38
2017-03-16,137.0067,853.42,62.5291,848.78,76.6086,62.0889,100.8408,58.7232,242.4332,87.3641,130.2807,122.7069,94.9808,229.5838,23.9348,85.3103,52.1663,10.36
2017-03-17,136.325,852.31,62.7516,852.12,76.5433,61.942,100.6725,57.9741,238.253,86.4489,129.0471,122.3248,95.308,229.1807,23.7001,84.984,52.3631,10.33
2017-03-20,137.7565,856.97,62.8096,848.4,76.5433,61.5405,100.6538,57.2251,236.495,85.8292,127.6274,122.3343,95.4138,228.9293,23.5266,84.7637,52.5458,10.2755
2017-03-21,136.1789,843.2,62.1131,830.46,76.3846,60.5415,101.0091,55.7366,227.5681,83.3124,126.3937,121.5511,94.7018,225.99,22.8471,82.6008,53.8198,10.11
2017-03-22,137.7175,848.06,62.9063,829.59,76.3192,60.3555,101.3363,55.4773,225.683,83.4459,125.6495,120.6054,94.8365,226.5218,22.7986,82.9957,53.623,10.12
2017-03-23,137.2306,847.38,62.7516,817.58,76.4126,59.5328,100.8501,55.7462,226.4937,83.3124,125.16,120.2615,94.5479,226.2801,22.8471,82.7977,53.7411,10.01
2017-03-24,136.958,845.61,62.858,814.43,75.8245,59.0922,100.9623,55.7654,223.0851,83.2171,124.1221,119.8603,94.9616,226.1157,22.818,82.6987,53.8592,10.09
2017-03-27,137.1917,846.82,62.974,819.51,75.8432,58.7004,99.3636,56.0151,220.2234,83.1694,123.6228,120.166,94.9039,225.8836,22.7308,82.4809,53.9379,10.04
2017-03-28,140.0352,856.0,63.1578,820.92,76.3939,59.8756,100.1957,57.0618,223.9836,84.466,124.3571,120.0323,95.0963,227.5273,23.0409,83.6589,53.1505,10.15
2017-03-29,140.3469,874.32,63.332,831.41,76.5619,61.1585,101.0371,57.033,223.1241,84.1514,123.1038,119.3254,94.4998,227.7401,22.8955,83.8668,53.0324,10.37
2017-03-30,140.1618,876.34,63.5641,831.5,78.1301,60.8843,100.766,58.1086,225.8296,84.8759,124.2592,119.0771,94.6441,228.4652,23.196,84.3222,52.7174,10.57
2017-03-31,139.8989,886.54,63.7092,829.56,76.5526,60.7178,100.3827,57.446,224.3645,83.7414,124.8858,118.972,94.4709,227.9334,23.0022,83.9856,52.9537,10.64
2017-04-03,139.9378,891.51,63.4094,838.55,76.6086,60.5122,100.7847,57.3115,223.6222,83.4364,126.051,119.1057,94.7319,227.537,22.9537,83.6787,53.1112,10.55
2017-04-04,140.9798,906.83,63.5835,834.57,76.8886,61.4131,101.5887,57.3115,223.9152,83.7144,125.1796,119.0962,94.3549,227.682,22.9246,83.8173,53.0718,10.71
2017-04-05,140.2495,909.28,63.419,831.41,77.038,61.5502,101.57,57.2251,222.3525,82.6405,124.6215,119.2108,94.6159,227.0052,22.7501,83.2828,53.3867,10.68
2017-04-06,139.8989,898.28,63.5835,827.88,77.4861,61.5894,102.1777,57.5132,223.3097,82.9186,126.1489,119.4496,94.5869,227.6434,22.8955,83.6688,53.1112,10.86
2017-04-07,139.5873,894.88,63.5351,824.67,77.2527,61.1389,101.7757,57.0714,222.5674,82.631,125.6789,119.3254,94.5772,227.4113,22.7986,83.5203,53.2293,10.96
2017-04-10,139.4217,907.04,63.39,824.73,77.5981,61.5894,102.3086,56.9274,223.5539,82.3433,126.5993,118.7714,94.9252,227.5467,22.7405,83.6193,53.1899,11.14
2017-04-11,137.922,902.36,63.3416,823.35,77.3274,61.5992,101.8786,56.6873,222.4307,82.1995,127.307,118.6568,94.9445,227.276,22.6726,83.4313,53.2686,11.17
2017-04-12,138.0876,896.23,63.0998,824.32,77.4487,61.2467,101.8786,56.1879,220.4871,81.8831,126.8745,119.7839,94.8382,226.2801,22.4884,82.7383,53.7805,11.11
2017-04-13,137.3572,884.67,62.8289,823.56,76.2539,59.8266,99.1953,55.7366,218.1137,80.9243,126.4322,119.3923,93.9973,224.8104,22.1976,81.6791,54.4104,11.13
2017-04-17,138.1168,901.99,63.3416,837.17,76.1512,59.9442,99.2608,56.6489,220.9852,82.3241,127.1006,120.0896,94.4999,226.8022,22.5854,83.065,53.5049,11.06
2017-04-18,137.5033,903.78,63.2546,836.82,75.6565,59.1607,98.8027,56.1015,210.5639,81.653,126.3437,116.3643,93.862,226.1254,22.3721,82.5205,53.8592,11.04
2017-04-19,136.9969,899.2,62.916,838.21,75.1337,57.9072,97.447,55.4389,209.0989,80.9818,127.0514,115.9344,94.8285,225.7096,22.3043,82.2433,54.0561,10.62
2017-04-20,138.7108,902.06,63.361,841.65,75.6191,57.7799,98.0547,56.0919,212.9763,82.0269,129.6758,116.412,100.5505,227.5467,22.6823,83.5203,53.2686,10.54
2017-04-21,138.5453,898.53,64.2316,843.19,75.3204,58.0639,98.0641,55.4293,211.8043,81.0393,128.9386,116.3069,99.8449,226.8215,22.4497,83.0551,53.5049,10.32
2017-04-24,139.8794,907.41,65.3247,862.76,75.7125,58.1422,99.0364,57.081,218.0161,83.8966,130.3344,117.3863,100.6085,229.3161,22.9537,84.8172,52.3237,10.25
2017-04-25,140.7461,907.62,65.702,872.3,76.2912,58.8375,99.7843,57.8205,221.3466,84.6253,131.5433,117.9022,102.329,230.6504,23.1573,85.7873,51.6938,10.36
2017-04-26,139.9184,909.29,65.6149,871.73,75.9832,58.72,99.1766,57.7148,220.9266,84.7883,131.7006,117.9786,102.2227,230.5054,23.1379,85.7378,51.7725,10.26
2017-04-27,140.0255,918.38,66.0405,874.25,75.8525,55.9387,98.6063,57.1853,220.5457,84.0021,131.6908,118.1983,102.271,230.6987,23.0313,85.8467,51.6938,10.24
2017-04-28,139.8892,924.99,66.2243,905.96,76.2166,55.8408,99.7563,56.9253,218.5825,83.4172,132.7622,117.9404,101.981,230.196,22.8083,85.5398,51.93,10.24
2017-05-01,142.7424,948.23,67.1433,912.57,76.5993,55.498,99.027,57.2527,219.6081,83.4747,134.4429,117.8162,102.7156,230.7761,22.9537,85.8962,51.6544,10.15
2017-05-02,143.6481,946.94,67.0369,916.44,76.5899,55.1161,98.5035,57.4934,219.8718,82.9378,136.5365,118.1601,103.2279,230.8631,22.9246,85.9556,51.6938,9.92
2017-05-03,143.2099,941.03,66.8241,927.04,77.1967,50.8757,99.775,58.0037,221.034,83.4172,136.5759,117.8066,103.1699,230.5827,23.1088,85.7477,51.7725,9.93
2017-05-04,142.6938,937.53,66.5629,931.66,76.2072,50.8659,97.9893,57.9748,221.3075,83.5131,137.6964,118.3989,103.6338,230.8534,23.1476,85.916,51.6938,9.46
2017-05-05,145.0601,934.15,66.7467,927.13,76.5619,51.5024,98.9055,58.0037,221.581,83.4172,138.3648,117.9786,103.5082,231.7623,23.1088,86.6584,51.2607,9.66
2017-05-08,149.0041,949.04,66.6886,934.3,77.374,51.2282,99.7376,58.254,219.7839,83.5131,139.1413,117.7302,103.6048,231.7236,23.0894,86.599,51.2607,9.67
2017-05-09,149.9584,952.82,66.7854,932.17,76.8326,50.2685,98.2417,57.9941,218.5435,83.1775,139.9669,117.692,103.6918,231.5109,23.0022,86.4208,51.3395,9.57
2017-05-10,149.2476,948.95,67.0466,928.78,77.1813,51.003,99.5693,58.1289,219.6374,83.8295,140.596,117.3099,104.2428,231.9267,23.0797,86.6881,51.2214,9.86
2017-05-11,150.5384,947.62,66.2243,930.6,77.8409,50.4741,99.2982,58.4466,219.5202,83.5706,141.9229,117.6825,103.8175,231.4529,22.9343,86.3614,51.4182,9.94
2017-05-12,152.6407,961.35,66.1469,932.22,77.7843,50.5623,99.0644,58.8029,217.6254,83.3405,140.4584,118.1027,102.9089,231.0661,22.8374,86.1239,51.5757,9.95
2017-05-15,152.2496,957.97,66.1953,937.08,78.0199,50.8071,99.8965,59.1399,219.8718,83.7432,139.7802,121.3027,103.9915,232.3424,23.0119,86.9356,50.9851,10.17
2017-05-16,152.0247,966.07,67.5281,943.0,77.7843,50.6798,100.2705,60.1702,220.3406,84.0021,139.4361,122.0478,102.8316,232.1297,23.0797,86.8366,51.1032,10.11
2017-05-17,146.9204,944.76,65.6505,919.62,77.2567,50.67,98.8822,57.7534,208.7375,80.7996,136.684,120.997,101.6041,228.0108,22.3527,83.7876,52.9143,10.19
2017-05-18,149.1596,958.49,65.8742,930.24,77.0305,51.003,99.3261,57.8496,210.144,80.5024,137.834,121.2836,102.1163,228.9293,22.44,84.3816,52.56,10.26
2017-05-19,149.6681,959.84,65.8548,934.01,77.2001,52.1977,100.6011,58.8318,210.3686,81.2886,138.9447,121.3123,102.3483,230.4183,22.6338,85.5002,51.8119,10.48
2017-05-22,150.5775,970.67,66.5942,941.86,77.5393,52.2467,100.2233,58.7933,210.9839,81.2119,138.5908,121.5606,102.9862,231.5883,22.692,86.3416,51.3001,10.54
2017-05-23,150.3917,971.54,66.8179,948.82,77.8126,52.4622,100.3649,59.4191,214.5195,82.2282,139.4656,121.809,102.9476,232.1007,22.8665,86.7178,51.1032,10.64
2017-05-24,149.9419,980.35,66.9055,954.96,77.5393,52.2467,100.3177,59.9583,218.6118,82.1803,141.4806,121.7994,102.9766,232.6422,22.8568,87.1039,50.867,10.6
2017-05-25,150.4601,993.38,67.7324,969.54,77.0305,50.9932,99.2694,59.6502,217.2835,81.8351,142.7486,122.6264,104.5231,233.7541,22.8955,87.8859,50.4339,10.04
2017-05-26,150.2059,995.78,68.0632,971.47,76.8421,50.7679,98.9011,59.7658,218.3188,81.8447,143.0827,122.0399,104.3684,233.7057,22.8859,87.9255,50.3946,10.28
2017-05-30,150.2646,996.7,68.501,975.88,76.418,49.7201,98.2777,59.3517,214.0461,80.4448,143.0631,122.2225,104.2814,233.5027,22.7308,87.7572,50.4733,10.24
2017-05-31,149.3747,994.62,67.9465,964.86,75.8527,49.485,97.73,58.2926,207.0295,78.7669,142.3849,123.3187,105.132,233.4447,22.5369,87.7176,50.5127,9.96
2017-06-01,149.7854,995.95,68.1994,966.95,76.0411,50.053,98.4761,58.8125,210.7044,79.6394,145.1272,123.8283,106.0502,235.3011,22.818,89.0343,49.7253,9.91
2017-06-02,152.0051,1006.73,69.8144,975.6,74.9104,49.0247,97.3805,58.8414,209.0384,79.2367,145.2058,125.0783,106.2629,236.0843,22.7308,89.6183,49.4497,9.86
2017-06-05,150.5188,1011.34,70.3203,983.68,75.4946,48.6134,97.4561,58.9762,209.7048,79.3806,145.4712,125.3476,105.6829,235.9102,22.7695,89.549,49.4497,9.8
2017-06-06,151.0273,1003.0,70.5538,976.57,76.5217,49.0639,98.3816,58.7451,210.234,79.5436,145.4712,125.7995,105.4896,235.1561,22.6726,89.0244,49.7646,9.97
2017-06-07,151.9269,1010.07,70.4273,981.08,76.239,46.1945,98.0039,59.5828,211.4589,80.4544,147.0242,125.7226,105.2866,235.5912,22.8471,89.2718,49.6465,9.46
2017-06-08,151.5553,1010.27,69.9993,983.41,75.9658,45.6657,98.2211,60.8634,214.3793,81.4516,146.7588,125.5303,104.697,235.7072,23.1088,89.3807,49.6465,9.43
2017-06-09,145.6785,978.31,68.4135,949.83,77.3886,46.9878,100.4877,62.0574,217.9856,83.3788,147.2306,126.4726,104.784,235.3494,23.545,89.0936,49.6465,9.49
2017-06-12,142.1974,964.91,67.8881,942.9,78.1424,47.3505,102.0366,61.9322,217.4662,83.398,145.3238,126.7514,103.8465,235.3011,23.5935,89.0343,49.804,9.52
2017-06-13,143.3415,980.79,68.7345,953.4,78.1707,48.2524,102.1216,62.2885,219.7103,83.6761,146.2281,126.9438,104.8034,236.4517,23.7195,89.8757,49.2528,9.6
2017-06-14,141.9432,976.47,68.3648,950.76,77.332,46.3505,100.6766,62.3174,221.9741,83.5035,147.5648,127.6649,103.6435,236.152,23.7583,89.7173,49.4103,9.23
2017-06-15,141.0924,964.17,68.0049,942.31,77.5111,45.2035,100.4216,61.7204,218.7598,83.0049,146.749,127.9245,104.1268,235.6975,23.6613,89.3312,49.6072,9.18
2017-06-16,139.1172,987.71,68.1021,939.78,78.6701,46.1153,102.3294,61.5182,217.3682,82.631,148.017,129.1842,104.0688,235.749,23.6351,89.3411,49.5678,9.24
2017-06-19,143.097,995.17,68.9486,957.37,77.9822,45.7819,101.4888,62.0863,221.6017,84.4431,149.1375,128.9149,104.5231,237.7117,23.8784,90.7864,48.741,9.12
2017-06-20,141.7965,992.59,68.0146,950.63,77.5582,45.38,100.5633,61.5375,220.5923,83.9158,149.0097,129.0592,104.7164,236.1085,23.674,89.6183,49.4103,8.95
2017-06-21,142.6374,1002.23,68.3648,959.45,76.7384,44.4585,98.6838,61.4604,218.0346,83.5322,149.5012,129.7226,105.3833,236.0502,23.4794,89.531,49.4497,8.71
2017-06-22,142.4027,1001.3,68.3551,957.09,76.3992,44.2036,98.6461,61.2582,215.369,83.4364,150.3661,130.8188,105.8956,235.9434,23.3335,89.4418,49.5284,8.78
2017-06-23,143.0383,1003.74,69.2793,965.59,76.8986,44.6055,99.1655,61.056,212.8407,83.2829,149.5012,131.1842,106.0309,236.2251,23.2459,89.6895,49.3709,8.86
2017-06-26,142.5885,993.98,68.6178,952.27,76.55,44.0369,98.3533,61.4123,216.0256,83.6473,148.6067,131.0976,106.3692,236.3806,23.3724,89.7291,49.3709,8.93
2017-06-27,140.5448,976.78,67.3336,927.33,76.4275,42.9389,98.2872,61.8456,215.8688,84.4239,148.6067,129.8188,105.8086,234.4762,23.4891,88.3519,50.0796,9.1
2017-06-28,142.5983,990.33,67.9076,940.49,76.8232,42.9291,98.4855,62.7603,218.75,86.1211,149.3439,128.6745,107.3937,236.5749,23.8589,89.8282,49.2528,9.2
2017-06-29,140.4959,975.93,66.6331,917.79,76.0411,44.3604,98.3344,64.4935,219.9161,87.3963,149.1866,127.5399,106.8428,234.4957,24.0243,88.3519,50.0402,9.21
2017-06-30,140.8284,968.0,67.0612,908.73,76.0694,44.4487,98.5327,64.3972,217.4564,87.636,149.2358,127.2034,107.442,234.9329,24.0049,88.6293,49.9221,9.5
2017-07-03,140.3199,953.66,66.3218,898.7,77.3603,45.1937,100.3933,65.726,222.7287,89.4195,149.796,127.7899,106.9588,235.3312,24.3551,88.9464,49.7253,9.62
2017-07-05,140.8969,971.4,67.2071,911.71,76.1825,43.9291,98.8066,65.9089,223.4734,90.3161,150.7102,128.5015,107.0844,235.8753,24.3941,89.2733,49.5678,9.25
2017-07-06,139.567,965.14,66.7109,906.69,75.4946,42.7625,98.0511,65.1194,222.1505,90.0269,149.7272,127.4245,105.7937,233.7184,24.2092,87.7078,50.4339,9.31
2017-07-07,140.9849,978.76,67.5768,918.59,75.5888,42.5076,97.7394,65.389,220.7687,90.48,151.2508,127.4438,106.4925,235.2341,24.3746,88.8077,49.7646,9.1
2017-07-10,141.8454,996.47,68.0827,928.8,75.5323,42.7331,97.3144,65.1386,221.3175,89.8437,151.408,126.4918,105.3861,235.4867,24.3454,88.9959,49.6859,9.13
2017-07-11,142.305,994.13,68.0924,930.09,75.9469,42.7821,97.39,64.3394,222.4053,89.4966,151.9011,126.1841,105.357,235.3118,24.1313,88.8077,49.7646,9.27
2017-07-12,142.5103,1006.51,69.221,943.83,76.2861,42.9586,98.1172,64.4357,222.8365,89.1881,152.4533,127.1457,105.6869,237.0801,24.2092,90.1651,49.0166,9.33
2017-07-13,144.4953,1000.63,69.8242,947.16,76.2956,43.5762,98.3439,64.532,225.7862,89.7569,152.8872,126.7899,105.4637,237.4785,24.3551,90.4326,48.8985,9.47
2017-07-14,145.7372,1001.81,70.8068,955.99,76.5877,43.8507,98.6366,64.2431,224.0222,88.9375,153.114,127.5015,105.8131,238.5861,24.2481,91.2451,48.426,9.59
2017-07-17,146.2456,1010.04,71.3613,953.42,76.1919,44.331,98.4194,64.3491,224.669,88.1083,152.8478,127.0688,106.4245,238.557,24.1703,91.2748,48.426,9.45
2017-07-18,146.7541,1024.45,71.3127,965.4,75.9469,42.9095,97.9566,64.4068,218.8382,87.7998,151.1812,129.2899,106.376,238.6833,24.1313,91.3739,48.367,9.54
2017-07-19,147.6733,1026.87,71.8575,970.89,76.1825,44.0271,98.6555,64.2239,218.407,87.9252,152.0983,130.0111,106.6866,239.9755,24.1411,92.3251,47.8748,9.69
2017-07-20,147.0084,1028.7,72.2077,968.15,76.1919,42.9782,98.8161,63.8965,217.8484,87.9252,153.5676,131.3188,106.4148,240.0824,24.1313,92.3746,47.8256,9.61
2017-07-21,146.9399,1025.67,71.7894,972.92,75.4946,43.1938,97.5128,63.5499,215.7708,87.6263,154.1396,130.1072,106.1625,239.8686,24.1313,92.2656,47.9044,9.34
2017-07-24,148.7196,1038.95,71.6045,980.34,75.2591,43.3409,97.4655,63.6462,213.8109,88.0023,153.9128,127.8957,106.211,239.8103,24.2384,92.1765,47.9241,9.5
2017-07-25,149.3552,1039.87,72.1785,950.7,75.636,44.8212,98.5894,65.5045,217.1428,89.4677,154.0804,126.8091,104.9882,240.3933,24.54,92.5728,47.7174,9.81
2017-07-26,150.0592,1052.8,72.0423,947.8,75.7302,44.282,99.2788,65.4564,217.7994,88.629,153.5282,125.9149,105.027,240.403,24.3746,92.662,47.6977,9.96
2017-07-27,147.2235,1046.0,71.1765,934.09,76.1636,46.3897,100.2138,65.0905,217.0448,88.2626,151.763,125.7995,105.7743,240.1795,24.2384,92.4737,47.8158,10.06
2017-07-28,146.187,1020.04,71.0597,941.53,75.0046,45.4094,102.1121,64.9268,219.1321,88.0023,153.1337,126.7803,106.2789,239.8978,24.2384,92.2161,47.9241,10.17
2017-07-31,145.434,987.78,70.7289,930.5,75.4192,44.7722,103.1227,65.9089,220.8177,88.5036,152.1673,127.6168,105.1143,239.7617,24.4135,92.1269,47.993,10.28
2017-08-01,155.0755,996.19,70.6122,930.83,75.5417,43.782,103.6799,67.0162,222.4543,89.6895,154.7312,127.4149,103.8139,240.2961,24.6276,92.4737,47.7764,10.09
2017-08-02,153.6577,995.89,70.3009,930.39,75.9469,43.782,104.3221,66.8429,221.7389,89.7666,152.5914,127.0784,104.7844,240.4127,24.6276,92.5629,47.737,10.14
2017-08-03,152.1225,986.92,70.1939,923.65,75.8433,42.9095,103.3494,65.9046,219.5045,89.1785,156.3386,128.2226,104.3865,239.9463,24.54,92.2755,47.9044,10.02
2017-08-04,152.9243,987.58,70.7095,927.96,75.5794,44.0075,103.9916,66.7269,225.1884,90.2968,154.6129,128.0591,103.8139,240.3836,24.7054,92.5629,47.7469,10.13
2017-08-07,155.2907,992.27,70.4371,929.36,75.5323,43.4977,103.6799,66.7849,228.2557,90.6439,154.8101,127.7515,103.581,240.8305,24.6665,92.87,47.5992,10.1
2017-08-08,156.5325,989.84,70.8165,926.79,75.3439,43.3409,104.2182,66.6301,227.4031,90.3161,154.1001,127.1841,103.0763,240.2378,24.5984,92.4737,47.7961,10.06
2017-08-09,157.4908,982.01,70.5052,922.9,75.5794,43.233,104.7282,66.1948,226.384,90.1715,153.4197,128.1072,103.3578,240.2281,24.5984,92.3647,47.8355,10.15
2017-08-10,152.4745,956.92,69.4739,907.24,75.1323,42.8409,103.9916,65.0243,220.9843,88.8796,150.3036,127.9726,102.494,236.8372,24.1605,89.8381,49.1938,9.91
2017-08-11,154.5949,967.99,70.5344,914.39,74.4092,42.6841,103.1605,64.6181,219.6613,88.1373,150.0373,127.9822,102.9696,237.187,24.0632,90.0165,49.0363,9.99
2017-08-14,156.9215,983.3,71.5948,922.67,74.4282,42.1743,102.6694,65.6725,222.8071,89.1688,153.5085,128.3476,103.3189,239.5383,24.3941,91.8297,48.1012,9.72
2017-08-15,158.6394,982.74,71.6144,922.22,74.2475,42.39,102.5371,65.7498,223.0325,89.4002,153.5972,128.2515,103.4548,239.5091,24.4135,91.8099,48.1012,9.75
2017-08-16,158.0013,978.18,72.035,926.96,73.7052,41.6939,101.917,65.4983,221.0921,88.7832,153.7353,129.0111,103.6004,239.9269,24.3649,92.0972,47.9536,9.57
2017-08-17,154.9679,960.57,70.8124,910.98,72.554,40.8998,101.0394,64.4246,216.986,87.3949,153.6465,127.9245,102.2611,236.1863,23.9465,89.2436,49.4201,9.62
2017-08-18,154.6145,958.47,70.9004,910.67,72.9155,41.341,101.5736,64.4052,217.7014,87.4817,152.3054,127.5303,101.7758,235.817,23.9562,88.9365,49.6072,9.97
2017-08-21,154.3299,953.29,70.5679,906.66,72.6681,41.2233,100.9059,63.7958,216.3686,87.3756,152.5914,128.3188,101.902,236.0017,23.8881,89.0851,49.5186,9.71
2017-08-22,156.8528,966.9,71.5557,924.69,73.0107,41.439,101.4592,64.6664,219.1028,88.2722,154.4847,127.9351,103.6877,238.4695,24.1508,90.8587,48.4949,9.77
2017-08-23,157.0491,958.0,71.1254,927.0,72.887,42.1351,101.6976,65.034,218.2796,88.3783,154.4157,127.6938,103.5907,237.6145,24.073,90.2741,48.8493,9.88
2017-08-24,156.3521,952.45,71.096,921.28,72.6206,41.8116,102.4894,65.479,218.5246,88.2337,153.9818,127.7803,103.4257,237.0607,24.073,89.8678,49.0658,9.71
2017-08-25,156.9313,945.26,71.2232,915.89,72.9916,41.5273,103.243,65.6338,218.015,88.5904,153.9325,127.4223,103.8624,237.6145,24.1411,90.2543,48.8591,9.75
2017-08-28,158.5118,946.02,71.233,913.81,72.7538,40.4587,102.7946,65.5951,215.9374,88.3108,154.3565,127.4803,103.8818,237.6242,23.9854,90.2939,48.8591,9.53
2017-08-29,159.9254,954.06,71.4481,921.29,72.7347,39.9097,102.89,65.2758,216.2915,87.8288,154.2481,127.9351,103.6392,237.8963,23.9075,90.4227,48.7508,9.46
2017-08-30,160.3574,967.59,72.3871,929.57,72.4018,39.7234,102.766,65.7885,218.7105,88.0312,154.7214,126.832,104.0953,239.0233,24.0049,91.2946,48.2882,9.38
2017-08-31,160.9955,980.6,73.1304,939.33,72.6206,40.1254,102.6611,65.8079,220.0085,87.6263,155.5103,128.09,105.1532,240.4613,24.034,92.4143,47.737,9.63
2017-09-01,161.0445,978.25,72.3186,937.34,72.8489,40.6744,103.7486,66.3399,222.1128,88.4072,155.9935,126.7933,104.9785,240.8014,24.1022,92.7016,47.5894,9.67
2017-09-05,159.1106,965.27,71.9958,928.45,73.4293,40.6646,104.3972,64.9663,214.1479,86.2959,156.0625,125.6998,104.2506,239.0719,23.5864,91.3343,48.2587,9.92
2017-09-06,158.9437,967.8,71.7905,927.81,74.9515,41.5175,106.639,65.1211,215.1803,86.8743,156.5556,126.4449,104.0953,239.8881,23.6448,91.9288,47.9437,10.04
2017-09-07,158.3057,979.47,72.7098,935.95,75.1894,41.341,106.6485,63.9022,212.2402,85.351,158.0249,127.9158,104.1244,239.8589,23.2361,91.9089,47.9536,10.03
2017-09-08,155.7238,965.9,72.3577,926.5,74.9896,40.1156,105.6755,64.0086,213.5874,85.245,160.569,126.7449,104.3671,239.5771,23.4502,91.6513,48.0914,9.73
2017-09-11,158.5413,977.96,73.1206,929.08,75.3987,40.2136,107.3353,65.4983,217.3732,86.5658,160.9438,128.9028,105.0367,242.1324,23.8589,93.5438,47.0776,9.82
2017-09-12,157.913,982.58,73.0424,932.07,75.6365,40.989,107.3067,66.5431,222.1816,87.6263,160.569,128.3415,104.3574,242.9486,24.1411,94.2176,46.7528,9.87
2017-09-13,156.7252,999.6,73.5608,935.09,75.8934,42.3337,108.9188,67.1235,222.7814,87.877,160.0464,128.1674,103.7362,243.0652,24.18,94.3266,46.6937,10.07
2017-09-14,155.3802,992.21,73.1304,925.11,76.1979,42.7263,109.1764,66.9784,223.0666,87.7034,160.5197,129.8414,102.4843,242.9875,24.1313,94.2572,46.7331,10.13
2017-09-15,156.9509,986.79,73.6586,920.29,76.1788,42.746,109.3481,66.7849,221.4638,88.3301,160.4211,130.1027,101.8632,243.3143,24.2029,94.5346,46.6051,10.2
2017-09-18,155.7631,974.19,73.5119,915.0,76.1979,42.9521,109.8823,68.2939,223.7352,89.5834,158.7645,131.0026,100.7956,243.8318,24.4862,94.9012,46.4477,10.17
2017-09-19,155.822,969.86,73.7857,921.81,76.3215,42.9521,110.9793,68.826,225.0922,90.5668,153.8733,130.8478,98.8547,244.0759,24.6719,95.0399,46.3591,10.11
2017-09-20,153.2107,973.21,73.2967,931.58,76.6355,43.9827,111.0079,69.1258,225.9576,91.2031,152.8774,128.9125,98.7964,244.1637,24.8185,95.1192,46.3197,10.24
2017-09-21,150.5798,964.65,72.5827,932.45,76.0076,47.5948,111.1033,69.416,227.4325,91.6176,151.2601,127.49,98.5538,243.5095,24.8771,94.5941,46.5559,10.25
2017-09-22,149.1073,955.1,72.7783,928.53,76.0361,47.9285,111.8855,69.0678,227.1769,91.4248,151.4376,127.1416,99.0973,243.5584,24.8478,94.6337,46.5658,10.24
2017-09-25,147.7919,939.79,71.6535,920.97,77.0446,49.0082,112.5533,68.5261,226.4197,90.7403,149.8697,126.9288,91.7797,243.0604,24.8185,94.2374,46.7429,10.55
2017-09-26,150.3344,938.6,71.6535,924.86,76.959,48.9591,112.1049,68.6228,226.1051,90.3354,151.3292,126.7062,91.5177,243.2069,24.8087,94.3365,46.6937,10.49
2017-09-27,151.4044,950.87,72.2306,944.49,77.4727,48.1542,112.0382,69.9191,230.8447,91.7623,152.0687,125.5547,90.3434,244.154,25.1116,95.0704,46.3492,10.52
2017-09-28,150.4719,956.4,72.2501,949.5,78.1958,47.9776,112.2003,70.277,231.5428,91.9551,155.1158,125.2837,89.2468,244.4469,25.1507,95.2886,46.2508,10.43
2017-09-29,151.2965,961.35,72.8565,959.11,77.996,47.9481,112.0858,70.364,233.2341,92.0804,156.8021,125.8063,90.8772,245.3062,25.2679,95.9432,45.9161,10.43
2017-10-02,150.9921,959.19,72.9739,953.27,77.663,48.4683,112.0191,71.3894,236.6364,93.3626,158.2122,126.9771,91.2478,246.3705,25.4829,96.7168,45.5421,10.21
2017-10-03,151.6499,957.1,72.6316,957.79,77.7867,48.3604,112.3911,71.7086,237.5903,93.8543,160.7465,127.8287,90.5847,246.8977,25.5708,97.1829,45.3256,10.18
2017-10-04,150.6682,965.45,73.0522,951.68,77.8152,48.5076,112.1622,71.6409,236.3021,92.8999,160.9438,128.5931,90.6529,247.1906,25.4536,97.4209,45.2173,10.08
2017-10-05,152.5432,980.85,74.3041,969.96,78.0341,48.1444,113.1161,73.2467,241.9562,94.1509,159.0504,128.8834,90.1458,248.6553,25.7174,98.5118,44.7153,10.25
2017-10-06,152.4548,989.58,74.3334,978.89,77.7391,47.742,111.6375,73.1693,241.9169,93.986,159.0406,128.9125,90.1263,248.3721,25.7467,98.3234,44.7842,9.97
2017-10-09,152.985,990.99,74.6171,977.0,78.0436,47.9579,112.2862,72.9275,238.7506,93.4915,156.0329,129.135,88.8001,247.962,25.649,97.9961,44.9614,10.0
2017-10-10,153.0439,987.2,74.6171,972.6,78.2624,47.5162,113.3259,72.7243,238.5539,94.1897,153.9325,129.5705,88.605,248.6162,25.7663,98.4821,44.735,10.28
2017-10-11,153.6819,995.0,74.7442,989.25,78.5859,47.4966,113.8315,72.4922,238.3572,93.9084,154.625,132.2316,89.1804,249.0068,25.7174,98.7598,44.5874,10.36
2017-10-12,153.142,1000.93,75.4289,987.83,78.4241,46.8488,113.6503,70.0061,235.8006,93.0842,152.8344,132.4057,89.2487,248.6358,25.522,98.4424,44.7449,10.23
2017-10-13,154.1139,1002.94,75.7908,989.68,78.4051,46.9077,113.6694,69.7546,234.5518,92.9581,151.4197,132.0187,88.8001,248.9384,25.5317,98.7003,44.6464,10.37
2017-10-16,156.9509,1006.34,75.9473,992.0,78.7857,47.5555,114.5947,69.4257,238.3671,94.8782,149.8171,131.7187,89.2584,249.2704,25.6979,98.978,44.5086,10.46
2017-10-17,157.5301,1009.13,75.8886,992.18,78.9284,47.9972,114.6805,69.832,232.1525,94.6648,154.2293,136.2377,89.8923,249.4462,25.5708,99.1168,44.4594,10.49
2017-10-18,156.8331,997.0,75.9081,992.81,78.7381,47.8696,112.7059,70.7316,237.9934,95.0236,155.7429,136.1313,89.7655,249.6903,25.7076,99.2458,44.3807,10.48
2017-10-19,153.1224,986.61,76.2016,984.45,78.7191,47.7714,112.7536,70.4995,235.9874,95.14,155.9506,137.4473,90.9162,249.7586,25.7272,99.2953,44.3413,10.35
2017-10-20,153.3874,982.91,77.0818,988.2,79.0711,48.1052,113.1733,71.1282,240.6484,96.4976,159.1163,137.7956,92.7203,251.0475,26.0301,100.3268,43.8984,10.43
2017-10-23,153.3089,966.3,77.1014,968.45,79.1948,47.212,113.45,71.1282,238.0917,96.3328,159.7396,138.9762,92.8373,250.0711,26.0105,99.5532,44.233,10.42
2017-10-24,154.2219,975.9,77.1307,970.54,79.4136,47.1629,113.7361,71.815,240.7565,97.8649,158.3645,137.0602,92.9056,250.5105,26.1962,99.8607,44.0953,10.54
2017-10-25,153.5445,972.91,76.9058,973.33,79.152,46.8194,113.0493,71.2153,237.7083,97.9813,158.4337,137.815,91.9304,249.2704,26.0398,98.8887,44.5185,10.48
2017-10-26,154.5262,972.43,77.0329,972.56,79.4136,46.8095,112.9825,71.3797,237.6886,98.6601,176.686,137.2247,92.4473,249.5926,26.1864,99.1168,44.4102,10.57
2017-10-27,160.0629,1100.95,81.9722,1019.27,79.6419,47.9089,108.3083,71.4571,237.6788,98.6892,171.2647,137.1957,93.3054,251.6334,26.1669,100.7036,43.7015,10.84
2017-10-30,163.6656,1110.85,82.0504,1017.11,79.4802,47.7911,109.1191,71.3701,236.8724,98.3401,169.395,135.4732,91.4526,250.696,26.0594,99.9896,43.9968,10.87
2017-10-31,165.9431,1105.28,81.356,1016.64,79.2994,48.4585,110.55,71.0992,238.4359,97.5643,168.2078,134.9023,91.4526,251.0866,25.991,100.2871,43.8984,10.93
2017-11-01,163.8325,1103.68,81.356,1025.5,79.7942,49.2143,110.5596,71.6119,240.1862,97.8649,169.9589,135.4539,90.7894,251.4185,26.0301,100.5549,43.7704,10.9
2017-11-02,165.0302,1094.22,82.2069,1025.58,79.4707,48.4781,110.0158,72.2987,242.7625,98.5147,170.4733,135.4055,91.4233,251.5162,26.2743,100.6144,43.7311,10.99
2017-11-03,169.3397,1111.6,82.2949,1032.48,79.1377,48.5959,109.6915,71.9393,240.3239,98.3401,175.0933,135.5507,91.7549,252.3559,26.1669,101.2491,43.4653,11.18
2017-11-06,171.0577,1120.66,82.6177,1025.9,79.68,50.8731,111.647,71.6964,239.4291,97.7292,175.0537,135.241,90.8382,252.7465,26.1376,101.5169,43.3374,11.51
2017-11-07,171.6074,1123.17,82.4221,1033.33,79.5182,50.1369,111.8378,70.6375,235.8104,95.7606,174.935,135.2507,90.3604,252.5707,25.776,101.4871,43.3767,11.49
2017-11-08,173.0112,1132.88,82.7057,1039.85,79.4136,50.2155,111.2941,70.278,237.2264,94.6842,173.5599,136.7506,90.8382,253.0003,25.649,101.8144,43.2291,11.41
2017-11-09,172.6578,1129.13,82.246,1031.26,79.8893,50.451,111.8378,70.3655,236.7741,94.6745,170.681,135.8119,90.7114,252.0825,25.5611,101.0408,43.5637,11.46
2017-11-10,172.0864,1125.35,82.0309,1028.07,79.6396,50.1664,111.7806,70.1906,236.1448,94.5582,173.2433,135.0475,89.7655,252.0044,25.4829,100.9516,43.613,11.42
2017-11-13,171.3967,1129.17,82.0895,1025.75,79.5916,49.3026,111.8283,69.938,236.2628,94.8976,171.1658,135.241,89.7167,252.2387,25.522,101.1202,43.5244,11.38
2017-11-14,168.8056,1136.84,82.2069,1026.0,78.9675,47.1629,111.5326,69.4911,233.2833,94.3254,169.9886,134.9797,90.1263,251.6529,25.5122,100.6541,43.7311,11.13
2017-11-15,166.5791,1126.69,81.568,1020.91,77.9785,46.7408,111.0842,69.6854,233.6471,95.2176,169.1674,134.6023,89.5705,250.3933,25.5806,99.6325,44.1838,11.09
2017-11-16,168.5692,1137.29,81.7842,1032.5,77.3544,46.623,110.3139,69.6271,235.3778,95.4891,172.8871,134.3798,90.6334,252.5219,25.5904,101.259,43.4358,11.07
2017-11-17,167.6333,1129.88,80.9978,1019.09,77.0471,47.261,110.4487,69.2968,234.0503,95.1691,171.3439,133.5379,90.7309,251.7798,25.5611,100.7036,43.672,11.35
2017-11-20,167.4658,1126.31,81.1256,1018.38,77.3448,47.4181,110.4583,69.9963,234.1585,96.0128,173.0652,133.4702,90.1166,252.2094,25.6783,101.0012,43.5539,11.28
2017-11-21,170.579,1139.49,82.2954,1034.49,77.652,47.1334,110.8916,70.3169,234.0503,95.9352,174.559,133.8669,90.1653,253.8596,25.7565,102.3103,42.983,11.4
2017-11-22,172.3721,1156.16,81.6958,1035.96,77.8729,47.4573,111.6041,70.2003,232.4868,95.654,174.3513,132.8509,90.2238,253.635,25.6295,102.1615,43.0716,11.6
2017-11-24,172.382,1186.0,81.8432,1040.61,78.1801,47.2218,112.1818,69.9672,232.0148,95.3436,174.5689,133.5476,89.3462,254.2209,25.6197,102.6078,42.8748,11.79
2017-11-27,171.515,1195.83,82.4428,1054.21,77.8825,46.8095,111.296,69.3551,231.1888,94.9654,174.2029,134.4531,90.2043,254.0939,25.6001,102.5285,42.924,11.59
2017-11-28,170.5101,1193.6,83.4356,1047.41,78.4202,46.8881,112.1241,71.5993,235.4171,98.2916,176.9234,136.3224,91.0332,256.6717,26.2646,104.5219,42.048,11.58
2017-11-29,166.9732,1161.27,81.9218,1021.66,78.9963,46.996,112.8269,72.9011,238.0805,100.5899,177.6456,136.1179,94.9145,256.5155,26.714,104.4525,42.107,11.47
2017-11-30,169.3081,1176.75,82.7377,1021.41,79.9757,47.2022,114.5697,73.348,244.2752,101.356,178.2491,135.6506,96.0164,258.7612,26.8899,106.1782,41.4082,11.47
2017-12-01,168.5199,1162.35,82.8262,1010.17,80.139,47.8205,115.0704,73.3577,245.5674,101.6178,179.367,136.2834,96.7478,258.2242,26.9485,105.7616,41.5657,11.67
2017-12-04,167.2884,1133.95,79.7003,998.68,80.2446,47.6929,116.351,74.9024,247.2443,103.7124,176.7849,135.3391,97.7522,257.9117,27.3589,105.5038,41.6739,11.49
2017-12-05,167.1308,1141.57,80.2016,1005.15,79.5916,47.369,115.9177,74.3583,244.9558,102.5196,176.775,135.9816,95.4411,256.9841,27.2124,104.7798,41.9594,11.54
2017-12-06,166.5101,1152.35,81.3714,1018.38,79.0059,46.2402,115.1667,73.2897,242.6081,101.7535,176.9828,137.3349,94.973,257.033,27.1147,104.7897,41.9495,11.2
2017-12-07,166.8155,1159.79,81.0863,1030.93,79.2652,46.4464,115.1859,72.8428,245.1827,101.4529,176.9135,136.3127,94.2221,257.8434,27.2026,105.4344,41.6936,11.33
2017-12-08,166.8648,1162.0,82.7279,1037.05,79.3708,47.0353,115.4652,73.552,246.9483,102.7233,180.7717,136.8773,94.6804,259.2494,27.3687,106.5551,41.2606,11.49
2017-12-11,170.116,1168.92,83.7797,1041.1,79.7261,47.4083,115.9466,73.688,246.7313,102.4227,179.6242,137.4128,94.6902,260.0306,27.3003,107.2294,40.985,11.6
2017-12-12,169.1603,1165.08,84.1237,1040.48,79.4668,47.6932,115.2341,73.9794,254.1787,103.6154,179.3867,138.8343,94.6024,260.4895,27.5739,107.6162,40.8472,11.44
2017-12-13,169.7219,1164.13,83.8976,1040.61,79.8125,47.4181,115.4748,72.9982,252.0876,102.316,177.1905,139.1166,94.7292,260.4602,27.2319,107.5369,40.857,11.33
2017-12-14,169.6726,1174.26,83.2489,1049.15,79.6012,47.0545,115.0896,71.813,252.0086,101.4917,176.5772,137.9093,94.7097,259.3959,27.056,106.6641,41.2113,11.43
2017-12-15,171.3967,1179.14,85.3721,1064.19,79.7261,46.691,115.2822,72.6388,253.6757,102.9269,177.7742,138.698,96.5333,261.5427,27.2986,108.4394,40.5224,11.46
2017-12-18,173.8105,1190.58,84.9101,1077.14,79.6396,47.6834,115.2533,73.5131,256.4869,103.7221,175.4395,138.0554,96.2797,263.2012,27.544,109.7584,40.0302,11.44
2017-12-19,171.9583,1187.38,84.3695,1070.68,79.1595,48.5284,115.3881,72.5708,252.995,103.2857,176.8839,138.0359,97.0111,262.1904,27.4262,109.0047,40.3255,11.51
2017-12-20,171.7711,1177.62,84.0647,1064.95,79.5724,49.845,116.3991,72.5319,251.7127,102.9269,177.6258,137.4323,96.582,262.053,27.3771,108.8361,40.3649,11.61
2017-12-21,172.4214,1174.76,84.0451,1063.63,80.5134,51.0535,120.1831,73.6588,257.4635,104.5658,178.7932,137.3349,96.6893,262.5928,27.6127,109.213,40.2369,11.64
2017-12-22,172.4214,1168.36,84.0549,1060.12,80.6287,52.0066,120.3372,73.3382,255.4512,104.1973,178.0314,136.4197,96.7771,262.5241,27.5342,109.1634,40.2566,11.66
2017-12-26,168.047,1176.76,83.9468,1056.74,80.6383,53.1562,121.3,72.6485,254.2182,103.7803,178.4865,136.3905,96.8063,262.2101,27.4556,108.8863,40.3975,11.95
2017-12-27,168.0766,1182.26,84.2515,1049.37,80.5614,52.8418,120.886,72.7553,252.4723,103.9742,178.9119,136.8579,96.7381,262.3376,27.4851,109.0154,40.3482,11.92
2017-12-28,168.5495,1186.1,84.2613,1048.14,80.6767,52.8221,120.9149,72.9399,253.0148,104.527,179.2878,136.8481,96.6698,262.8774,27.5931,109.4227,40.2003,11.97
2017-12-29,166.7269,1169.47,84.0844,1046.4,80.3118,52.7042,120.5394,72.289,251.2984,103.7027,178.4568,136.0303,96.0457,261.8862,27.3967,108.6877,40.4764,12.01
2018-01-02,169.712,1189.01,84.4874,1065.0,81.6465,53.8145,122.8406,72.2405,252.1961,104.6821,178.7536,135.5533,96.4455,263.7606,27.4066,110.1576,39.9242,12.07
2018-01-03,169.6825,1204.2,84.8806,1082.48,83.25,53.8145,123.7361,72.4639,249.8484,104.7888,179.8517,136.8481,96.7868,265.4289,27.5538,111.4786,39.4312,12.34
2018-01-04,170.4707,1209.59,85.6277,1086.4,83.3653,54.6792,123.3509,73.3577,253.3403,106.2899,181.4049,136.8384,96.621,266.5477,27.809,112.4718,39.096,12.37
2018-01-05,172.4115,1229.14,86.6893,1102.23,83.298,54.0602,123.1487,73.2605,252.0481,105.6076,183.8187,137.9678,97.4304,268.3239,27.8876,113.8822,38.5931,12.31
2018-01-08,171.7711,1246.87,86.7778,1106.94,83.6725,54.4237,123.7553,72.4056,248.3885,105.7635,182.6712,138.143,97.6557,268.8146,27.8483,114.3093,38.4551,12.38
2018-01-09,171.7514,1252.7,86.7188,1106.26,83.3172,54.5514,123.0909,73.1634,250.4896,106.2997,181.6324,140.3336,99.0762,269.4231,28.0642,114.8257,38.2874,12.57
2018-01-10,171.712,1254.33,86.3256,1102.61,82.6547,54.4434,123.8805,73.4937,250.8743,107.4694,182.0093,140.1681,98.3219,269.0109,28.2998,114.4583,38.4255,12.68
2018-01-11,172.6874,1276.68,86.5812,1105.52,83.4709,57.4794,127.6452,73.4062,251.6634,108.0445,182.7335,140.9664,98.9586,270.9736,28.4373,116.0573,37.8733,12.7
2018-01-12,174.4706,1305.2,88.0753,1122.26,84.0374,57.9511,128.637,74.6498,253.5376,109.8284,182.7235,141.9108,99.5562,272.7401,28.6925,117.5968,37.3803,12.87
2018-01-16,173.5839,1304.86,86.8466,1121.76,83.5093,57.5286,127.106,74.9121,254.9481,109.4385,183.16,142.9818,99.1545,271.8078,28.6139,116.7824,37.6268,12.76
2018-01-17,176.4509,1295.0,88.6061,1131.98,84.4983,57.9412,127.443,75.2618,250.2035,110.1403,183.6163,143.0986,99.419,274.3986,28.8299,119.037,36.9169,12.78
2018-01-18,176.6085,1293.32,88.5668,1129.79,83.951,57.2731,126.7016,75.1841,247.5599,110.4035,184.0032,143.0402,99.4974,273.9373,28.7906,118.6198,37.045,12.76
2018-01-19,175.8203,1294.58,88.4685,1137.51,83.6821,57.1847,126.4224,76.0681,252.6399,110.1598,186.2947,143.4686,100.957,275.1837,28.9968,119.6528,36.7197,12.72
2018-01-22,174.3819,1327.31,90.0511,1155.81,84.7384,59.6607,127.6356,76.3499,257.9666,111.4465,187.8223,144.228,101.4566,277.4212,29.2324,121.5697,36.128,12.78
2018-01-23,174.4213,1362.54,90.3362,1169.97,84.7864,59.8769,126.1528,76.311,256.556,111.3295,187.7926,138.0846,101.0157,278.01,29.2618,122.0862,35.9801,12.97
2018-01-24,171.643,1357.51,90.2575,1164.24,85.0072,60.3583,126.5091,77.1854,262.07,112.7527,188.6159,138.3183,102.4851,277.902,29.4581,122.0166,35.9999,13.22
2018-01-25,168.579,1377.95,90.7589,1170.37,84.8536,60.4173,125.7966,77.1757,265.3745,112.7819,190.3321,140.5867,103.0043,278.0198,29.3992,122.0663,35.9999,13.06
2018-01-26,168.9731,1402.05,92.4594,1175.84,85.4585,60.7612,126.3165,77.7974,264.4966,113.3863,191.5522,141.4922,104.4443,281.2387,29.6152,124.8572,35.1617,13.24
2018-01-29,165.4756,1417.68,92.3218,1175.58,84.5079,59.8965,123.7072,77.6808,268.7776,113.2693,192.1871,139.8857,105.6786,279.3741,29.4974,123.1886,35.6547,13.11
2018-01-30,164.5003,1437.82,91.1619,1163.69,83.3268,58.7076,120.5779,76.379,265.2857,112.2068,186.384,138.6687,104.9733,276.5085,29.1146,120.5864,36.3844,12.9
2018-01-31,164.9535,1450.89,93.3933,1169.94,83.8262,59.0024,120.6934,76.243,264.25,112.7527,185.3225,134.5407,103.6607,276.6459,29.1931,120.8248,36.3154,12.98
2018-02-01,165.2983,1390.0,92.656,1167.7,85.5257,60.2994,120.9053,76.9425,268.531,113.9224,185.888,136.3224,101.4664,276.3319,29.4679,120.5069,36.4337,13.24
2018-02-02,158.126,1429.95,90.2182,1111.9,81.1664,58.0788,114.1749,75.1282,256.5067,111.3978,183.5171,134.0442,101.006,270.3161,28.8201,115.2727,37.9916,13.04
2018-02-05,154.1753,1390.0,86.5025,1055.8,76.5478,55.8582,108.1282,71.4703,245.7252,106.056,179.4996,126.9467,98.0574,259.0108,27.3673,105.9067,41.0878,12.77
2018-02-06,160.6186,1442.84,89.7759,1080.6,75.2323,56.4871,112.8269,72.9822,255.1849,109.2825,180.5511,128.3487,99.0664,264.1139,27.8679,109.7405,39.589,12.7
2018-02-07,157.1802,1416.78,88.0851,1048.58,73.8784,57.6956,111.0072,73.148,253.6066,110.0233,180.0353,127.9495,98.5276,262.6811,27.8876,108.4692,40.0524,12.37
2018-02-08,152.8551,1350.5,83.5634,1001.52,73.043,55.2196,108.1282,70.1047,243.0027,105.1592,176.5732,123.0231,94.4525,252.8282,26.6605,100.4539,43.0302,12.09
2018-02-09,154.7248,1339.6,86.6795,1037.78,73.5086,55.1508,109.2837,71.8702,245.9126,107.2647,174.9761,126.1094,96.3333,256.6261,27.171,103.5031,41.709,11.86
2018-02-12,160.9569,1386.23,87.6133,1051.94,74.1294,56.8113,109.7458,72.9237,249.7202,108.9218,175.9582,126.8299,97.0484,260.3945,27.5538,106.3139,40.5652,11.89
2018-02-13,162.5694,1414.51,88.3014,1052.1,74.013,56.1825,109.0815,73.3333,252.058,109.5944,177.0891,126.5281,99.321,261.0422,27.6716,106.9197,40.3482,11.87
2018-02-14,165.5667,1451.05,89.684,1069.7,74.1682,58.7371,109.4088,74.8258,259.0122,112.1288,175.3531,126.2457,99.4386,264.5653,28.3293,109.8199,39.2242,12.18
2018-02-15,171.1262,1461.76,91.5111,1089.52,73.9257,58.5799,109.4283,75.1867,264.0429,112.5967,175.7499,127.7645,100.9864,267.9412,28.4863,112.5413,38.2776,12.33
2018-02-16,170.5722,1448.69,90.8592,1094.8,74.2458,58.1476,109.0491,74.9331,263.9837,111.7877,177.0791,129.6338,102.397,268.0197,28.4471,112.6109,38.1987,12.38
2018-02-20,169.9985,1468.35,91.5703,1102.46,73.4795,58.2164,107.921,74.5819,261.2908,111.8169,176.603,127.414,100.1733,266.3416,28.3587,111.2601,38.7312,12.39
2018-02-21,169.2269,1482.92,90.3556,1111.34,72.6453,56.2709,106.054,75.1086,259.821,112.2848,174.3611,126.4794,99.8304,265.0168,28.398,110.0285,39.1453,12.29
2018-02-22,170.6415,1485.34,90.5926,1106.63,73.5862,57.2633,106.8611,74.3966,257.8778,112.0801,173.6568,126.4794,98.7921,265.3602,28.1624,110.2768,39.0467,12.59
2018-02-23,173.6091,1500.0,92.8937,1126.79,75.2062,59.759,109.4867,75.1867,263.1452,114.3513,174.1429,128.5337,100.5064,269.5899,28.5845,113.8325,37.7944,12.77
2018-02-26,177.0418,1521.95,94.2368,1143.75,76.4769,59.3463,111.4413,75.7427,267.5742,115.7745,174.3413,129.4057,101.966,272.7204,29.0164,116.4944,36.9169,12.86
2018-02-27,176.468,1511.98,93.032,1118.29,75.1771,57.45,110.4786,74.5039,264.2895,114.4001,174.8571,129.0138,102.6517,269.3151,28.7416,113.5544,37.8536,12.65
2018-02-28,176.2009,1512.45,92.6073,1104.73,73.4698,56.0449,108.8351,73.6357,260.0854,112.587,175.6408,127.2599,100.9472,266.5869,28.3391,111.0714,38.7114,12.37
2018-03-01,173.1145,1493.45,91.6987,1069.52,72.946,56.1235,108.9518,71.8507,254.0019,110.5692,175.0357,124.7124,98.361,262.7106,27.8483,108.0619,39.7369,12.35
2018-03-02,174.3115,1500.25,91.8962,1078.92,73.2855,56.4478,108.5629,71.8702,255.3274,110.462,176.107,126.2213,99.37,264.0648,27.917,109.1644,39.3425,12.37
2018-03-05,174.9149,1523.61,92.4789,1090.93,73.9839,57.9216,110.0312,72.592,260.2733,112.1581,177.0295,127.1717,100.7904,267.1169,28.3096,111.6475,38.4353,12.59
2018-03-06,174.7665,1537.64,92.1629,1095.06,73.8966,57.784,110.5175,72.2409,264.0421,112.2556,176.8014,125.6334,102.0149,267.794,28.4274,112.2037,38.2579,12.57
2018-03-07,173.1442,1545.0,92.6962,1109.64,72.0342,56.7131,110.7022,72.1043,262.4792,111.8364,177.2081,126.4369,102.2304,267.6959,28.3784,112.0745,38.2776,12.35
2018-03-08,175.0336,1551.86,93.2591,1126.0,71.8984,56.0842,110.2257,72.2896,263.4585,111.8462,174.8373,129.3959,102.5047,268.9913,28.4667,113.1273,37.9325,12.15
2018-03-09,178.0409,1578.89,95.343,1160.04,72.3252,57.0176,113.9891,74.2405,267.8406,115.0629,175.9582,131.1008,104.8068,273.6724,29.1538,117.0108,36.6309,12.47
2018-03-12,179.7621,1598.39,95.5701,1164.5,72.9848,57.9511,113.5709,74.1527,270.4223,114.6925,175.6507,129.9544,103.4451,273.3289,29.0557,116.7923,36.7098,12.37
2018-03-13,178.031,1588.18,93.2394,1138.17,72.2961,57.7735,113.25,73.07,265.6248,113.3181,176.0177,131.6397,102.8476,271.5624,28.7317,115.3025,37.2028,12.24
2018-03-14,176.5175,1591.0,92.6863,1149.49,71.394,58.1386,111.9567,71.6654,261.5692,112.0509,175.2043,129.6507,102.8182,270.1689,28.4078,114.0808,37.5676,12.28
2018-03-15,176.7252,1582.32,93.0122,1149.58,72.1894,57.142,112.3943,71.5385,263.7256,112.3335,173.1906,130.3758,102.5831,269.8745,28.4176,113.8425,37.6564,12.34
2018-03-16,176.102,1571.68,93.427,1135.73,72.8684,57.7537,112.2192,71.6654,264.7049,112.5285,172.516,130.9833,102.2206,270.1668,28.4418,114.051,37.5874,12.55
2018-03-19,173.4113,1544.93,91.7382,1099.82,71.9275,56.2638,110.7508,70.9143,259.6897,111.6415,170.6808,127.6127,101.7406,266.5114,28.2349,110.9919,38.603,12.55
2018-03-20,173.3519,1586.51,91.9752,1097.71,71.7723,57.7044,111.344,71.1289,260.3426,111.7487,170.2543,128.5631,101.4566,266.9646,28.3039,111.3396,38.4748,12.81
2018-03-21,169.4247,1581.86,91.3333,1090.88,72.7908,60.6844,113.814,71.519,259.0171,111.8462,168.6473,128.5435,101.5153,266.4523,28.294,110.8422,38.6312,13.18
2018-03-22,167.0308,1544.92,88.6767,1049.08,71.297,59.8555,110.5661,68.583,249.8671,107.177,168.0918,124.8103,100.2125,259.7917,27.2498,105.3419,40.548,12.95
2018-03-23,163.1629,1495.56,86.099,1021.57,70.7052,60.7436,109.8659,66.2322,242.6066,104.3111,166.7625,122.5763,97.7439,254.2544,26.4222,100.8063,42.3264,13.28
2018-03-26,170.9086,1555.86,92.6172,1053.21,71.782,61.7599,112.1706,68.066,252.1225,107.5279,169.3813,124.8201,98.3708,261.2105,27.2793,106.3763,39.9947,13.21
2018-03-27,166.5263,1497.05,88.3606,1005.1,71.491,59.9936,111.4996,66.6028,244.5849,105.4419,167.0105,124.6438,97.9104,256.7669,26.7473,102.6066,41.4076,13.08
2018-03-28,164.6863,1431.42,88.2816,1004.56,70.6276,58.1188,109.0102,66.5833,246.6721,105.2761,168.0719,124.8789,97.4794,256.0082,26.7966,102.0894,41.6249,13.04
2018-03-29,165.9723,1447.34,90.1383,1031.79,72.3737,59.6088,110.8967,65.842,249.1352,107.1965,167.6454,125.5648,98.2533,259.2794,27.1611,104.9142,40.4689,13.09
2018-04-02,164.8842,1371.99,87.4224,1006.47,71.0253,57.3985,109.1463,66.0468,244.6739,105.1299,166.7625,122.0472,95.8141,253.6829,26.5602,100.1797,42.3066,12.74
2018-04-03,166.5757,1392.05,88.5976,1013.41,72.7714,58.4149,111.6649,66.7979,247.869,106.5726,167.4073,125.7608,97.3797,256.9344,26.9247,102.6663,41.2396,12.81
2018-04-04,169.7611,1410.57,91.1852,1025.14,72.6259,58.2964,111.3246,67.6075,249.8869,108.1907,169.0242,127.7792,97.7637,259.6833,27.2104,104.9739,40.3306,12.82
2018-04-05,170.9382,1451.75,91.2345,1027.81,73.7414,59.3128,114.0571,68.4952,253.0424,109.6113,169.3417,128.0732,98.2954,261.7327,27.4271,106.4857,39.7477,12.83
2018-04-06,166.5659,1405.23,89.1112,1007.04,72.6259,58.0794,111.5969,66.915,247.2656,106.8779,169.0143,125.5158,95.8535,255.8998,26.767,101.7811,41.4965,12.51
2018-04-09,168.2179,1406.08,89.6445,1015.45,72.6259,59.0365,112.7832,67.7343,249.4616,108.1613,170.1452,126.868,96.4541,257.161,26.9148,102.6166,41.1704,12.77
2018-04-10,171.3834,1436.22,91.7283,1031.64,74.7599,60.9902,115.5741,68.7781,253.7942,110.2285,172.4763,127.6225,97.4191,261.2499,27.3187,105.9287,39.8465,13.25
2018-04-11,170.5821,1427.05,90.721,1019.97,75.1092,62.3618,115.9631,68.1733,250.2035,108.3768,170.3872,127.015,97.5372,259.8804,26.9936,104.8744,40.2516,13.45
2018-04-12,172.2638,1448.5,92.4197,1032.51,74.9055,61.9178,115.9437,70.3583,256.7815,111.0711,172.3869,127.7988,98.7089,262.0185,27.4665,106.4956,39.5896,13.52
2018-04-13,172.8474,1430.79,91.9259,1029.27,75.5069,62.1941,116.6146,69.2658,253.1512,108.0633,172.0387,127.985,98.2264,261.2499,27.0527,105.9287,39.8465,13.55
2018-04-16,173.9257,1441.5,93.0023,1037.98,76.1859,62.6184,117.3731,68.3489,255.09,107.9751,174.9834,129.102,99.6738,263.3979,27.171,107.6295,39.2043,13.38
2018-04-17,176.3196,1503.83,94.8788,1074.16,75.9822,63.2104,118.1122,68.027,250.886,107.9751,176.3762,127.9066,99.2505,266.2158,27.171,109.8973,38.3546,13.41
2018-04-18,175.9239,1527.84,95.2442,1072.08,76.8455,65.47,120.4071,67.2856,251.252,107.1032,176.6149,125.1435,99.2406,266.4129,27.0429,110.0763,38.2953,13.88
2018-04-19,170.9382,1556.91,94.9183,1087.7,77.0395,65.2036,120.3002,68.5537,251.4202,109.4545,175.5206,124.9769,99.9299,264.9349,27.4567,108.7933,38.7399,13.77
2018-04-20,163.9345,1527.49,93.8221,1072.96,76.6321,65.6082,118.9388,68.2806,249.2341,109.2096,176.0081,124.1049,96.651,262.6885,27.4665,107.0029,39.4118,13.75
2018-04-23,163.4597,1517.86,94.1677,1067.45,77.185,65.8943,120.1737,67.7734,244.0013,108.6805,176.1872,124.2714,97.9212,262.6491,27.437,106.9333,39.4118,13.92
2018-04-24,161.1845,1460.09,91.9654,1019.98,76.0016,65.2135,119.1624,67.4222,239.8665,108.1711,176.2867,123.6444,98.2068,259.1119,27.2596,104.0886,40.4788,13.68
2018-04-25,161.8868,1460.17,91.1654,1021.18,77.1171,65.9437,119.3375,67.6563,236.6418,107.7596,178.0674,124.2029,99.5951,259.7523,27.2399,104.5462,40.301,13.72
2018-04-26,162.4507,1517.96,93.0912,1040.04,78.4363,66.6048,120.7961,67.4807,237.4925,107.8674,177.8983,125.4276,99.8018,262.3929,27.2498,106.615,39.4809,13.77
2018-04-27,160.5711,1572.62,94.6319,1030.05,75.4584,66.1607,123.13,67.2954,237.2056,107.1816,178.9528,125.6824,101.1606,262.6392,27.2892,106.8537,39.4216,13.73
2018-04-30,163.4795,1566.13,92.3604,1017.33,75.4196,66.4272,121.6616,66.5931,235.7515,106.5741,178.1271,123.9383,99.6443,260.6194,27.0429,105.1231,40.054,13.8
2018-05-01,167.2781,1582.26,93.8221,1037.31,74.6435,65.6378,121.4185,66.5736,234.1095,106.5741,177.7889,123.468,100.8948,261.0824,27.0527,105.5806,39.8959,13.61
2018-05-02,174.6676,1569.68,92.3505,1024.38,74.498,64.7004,122.0311,66.32,231.5178,105.7316,175.839,121.0086,99.8018,259.3286,26.7473,104.1085,40.4591,13.67
2018-05-03,174.9842,1572.08,92.9036,1023.72,74.2458,65.1543,122.5368,66.2712,230.8848,105.0654,171.2428,120.5481,99.3883,258.7572,26.5207,103.6311,40.6171,13.82
2018-05-04,181.8494,1580.95,93.9801,1048.21,74.595,65.697,122.07,66.5848,232.3982,106.2312,171.3721,121.6847,99.9397,262.1071,26.8656,106.3067,39.5797,14.09
2018-05-07,183.1651,1600.14,95.0269,1054.79,75.4099,65.1247,121.4963,67.1336,234.6338,107.1522,170.5165,121.0968,99.5458,262.9939,27.0429,106.9333,39.3228,14.1
2018-05-08,184.0455,1592.39,94.622,1053.91,75.7494,66.1509,123.0813,69.5838,234.4359,108.7393,169.9495,120.1366,98.3348,262.9939,27.2301,106.9631,39.3327,14.06
2018-05-09,185.3414,1608.0,95.738,1082.76,77.5342,66.5456,125.1721,70.5148,239.1147,111.1103,169.6908,121.0184,99.0929,265.536,27.634,109.0718,38.572,14.37
2018-05-10,187.9925,1609.08,96.696,1097.57,79.2706,67.483,125.2693,71.1224,240.8062,111.9724,169.7107,122.8213,100.1268,268.0189,27.8606,111.061,37.8606,14.41
2018-05-11,187.2774,1602.91,96.4886,1098.26,79.6429,67.404,126.2612,71.4067,240.2919,111.5511,173.7697,124.6732,100.9243,268.8367,27.8409,111.5186,37.6827,14.25
2018-05-14,186.8405,1601.54,96.8145,1100.2,80.1818,68.2822,126.796,71.1714,241.2712,111.5903,176.9035,123.517,101.3477,268.9648,27.8212,111.7772,37.6136,14.38
2018-05-15,185.1424,1576.12,96.1133,1079.23,80.1426,68.7657,126.164,71.2302,238.9466,110.738,176.1872,122.6057,100.56,267.1124,27.7719,110.2454,38.1274,14.4
2018-05-16,186.8703,1587.28,96.3613,1081.77,80.368,69.3874,125.9889,70.5148,238.3531,111.0417,176.5553,122.8213,100.2351,268.2357,27.8212,111.2102,37.8211,14.46
2018-05-17,185.6886,1581.76,95.3992,1078.59,80.2308,70.1965,126.9895,70.1326,236.5132,110.6694,176.1175,121.3516,100.1465,268.009,27.7621,111.0113,37.8902,14.49
2018-05-18,185.0133,1574.37,95.5777,1066.36,79.6625,69.6341,125.42,68.5645,234.4359,108.8765,175.8987,121.7337,100.5797,267.339,27.5355,110.4742,38.078,14.43
2018-05-21,186.3241,1585.46,96.8076,1079.58,80.6228,70.7589,126.9012,69.0251,235.1283,109.8758,176.804,121.2242,101.0228,269.349,27.7325,112.0557,37.5345,14.67
2018-05-22,185.8574,1581.4,96.7084,1069.73,79.9956,69.5847,125.783,69.6622,235.4251,110.7184,176.2966,120.4305,100.2745,268.6002,27.9197,111.4191,37.7519,14.56
2018-05-23,187.049,1601.86,97.859,1079.69,80.4954,69.3972,126.244,68.8389,235.2372,110.2089,176.4259,120.9596,99.664,269.3392,27.7424,112.0656,37.5247,14.51
2018-05-24,186.8405,1603.07,97.5119,1079.24,78.6532,68.1441,124.1939,67.9275,233.5457,108.9745,176.2071,119.7838,99.3391,268.7874,27.5256,111.6081,37.6926,14.29
2018-05-25,187.2675,1610.15,97.5615,1075.66,77.1247,66.6936,119.8582,67.0748,232.4675,108.416,177.6197,119.9023,104.1834,268.147,27.437,111.0312,37.8803,13.68
2018-05-29,186.5922,1612.87,97.2143,1060.32,76.8405,66.4074,119.0735,64.3993,224.5738,103.7819,175.8688,117.859,104.7151,265.063,26.5207,108.5645,38.7597,13.51
2018-05-30,186.195,1624.89,98.1467,1067.8,79.8585,69.5551,122.7716,65.3499,227.4824,106.1529,176.9532,119.4087,106.6942,268.6002,27.0035,111.3097,37.7321,13.83
2018-05-31,185.5694,1629.62,98.0376,1084.99,79.6037,68.8743,121.928,65.3597,224.2264,104.84,175.2222,118.0762,104.8924,266.9548,26.7769,109.7581,38.2558,13.55
2018-06-01,188.916,1641.54,99.9717,1119.5,80.1818,70.1077,121.4866,65.938,226.6783,106.2018,175.6897,119.695,106.2905,269.5757,27.0724,112.0656,37.4456,13.25
2018-06-04,190.4949,1665.27,100.8446,1139.29,79.3391,68.4204,119.9269,65.9968,228.207,106.2508,175.3913,120.3761,105.6505,270.8565,27.1611,113.1498,37.1097,13.12
2018-06-05,191.9646,1696.35,101.3604,1139.66,79.055,68.3118,120.3879,65.4283,226.6684,105.6532,174.7446,119.9122,105.0795,271.0536,27.0429,113.4283,37.0208,13.22
2018-06-06,192.6299,1695.75,101.6579,1136.88,80.4072,68.5289,121.0255,66.869,230.5299,108.1221,178.0873,121.2053,106.3299,273.3198,27.5355,115.2584,36.4082,13.16
2018-06-07,192.1135,1689.3,100.061,1123.86,81.2107,70.6997,124.5372,67.0846,231.741,108.5532,178.8136,121.7383,105.9459,273.2902,27.6241,115.1191,36.4675,13.35
2018-06-08,190.3658,1683.99,100.8049,1120.87,81.9162,70.4531,124.0271,67.1042,231.6814,108.8569,179.878,122.4589,108.0333,274.0981,27.6635,115.8154,36.26,13.27
2018-06-11,189.8991,1689.12,100.2296,1129.99,81.4262,70.7293,125.1258,66.7514,232.3763,108.5826,181.1216,121.0769,109.9337,274.4627,27.6044,116.0939,36.1711,13.36
2018-06-12,190.9418,1698.75,100.4875,1139.32,80.7599,70.6501,124.6549,66.2614,230.927,107.9556,179.7487,120.9585,109.3035,274.8174,27.5355,116.4619,36.0525,13.4
2018-06-13,189.3728,1704.86,100.0312,1134.79,79.8683,70.5808,124.6451,65.9478,232.1182,107.74,186.454,121.0473,108.9687,273.9405,27.437,115.5468,36.3292,13.47
2018-06-14,189.4721,1723.86,100.5966,1152.12,80.2406,70.3432,124.0958,64.8403,231.9395,105.8394,187.1205,120.8302,109.2346,274.6302,27.1808,116.2132,36.1414,13.52
2018-06-15,187.5257,1715.97,99.3171,1152.26,79.0354,67.8182,121.6729,65.0167,230.2222,105.712,188.5233,121.0276,109.5989,274.2795,27.1798,115.895,36.2106,13.05
2018-06-18,187.4264,1723.79,100.0412,1173.46,79.1922,68.9569,123.5661,65.4185,229.6961,105.9863,185.9864,119.7542,108.6537,273.7153,27.1303,115.4076,36.3786,13.29
2018-06-19,184.3976,1734.78,100.0412,1168.06,79.0746,68.4024,123.1443,65.4479,226.6485,105.3691,188.3044,120.9881,108.9687,272.6663,27.0611,114.5124,36.6947,13.14
2018-06-20,185.202,1750.08,101.043,1169.84,78.8296,69.4124,122.8991,66.036,226.1522,105.3593,189.2495,120.4649,109.018,273.1314,26.9918,114.9,36.5585,13.28
2018-06-21,184.1692,1730.22,100.3189,1157.66,78.0849,68.7787,120.2506,66.281,225.3184,105.3299,188.1751,119.8826,109.4709,271.4192,26.9126,113.4156,37.0244,13.31
2018-06-22,183.633,1715.67,99.5948,1155.48,79.7409,73.3831,122.7127,65.8596,224.3654,103.6056,189.9359,121.2546,110.3177,271.9141,26.784,113.7742,36.9352,14.02
2018-06-25,180.9021,1663.15,97.5912,1124.81,78.1339,71.1848,120.2702,64.4385,219.9182,102.6651,188.6028,121.0078,111.4008,268.2125,26.4971,110.6858,37.9265,13.77
2018-06-26,183.1464,1691.09,98.2756,1118.46,79.0158,72.3533,121.7906,64.9873,219.9579,102.7336,187.1106,120.7709,110.3275,268.8064,26.408,111.1341,37.7778,14.27
2018-06-27,182.8783,1660.51,96.7481,1103.98,80.0642,73.6009,123.5955,64.1543,218.5681,101.1465,187.8468,120.0405,108.6635,266.5795,26.0815,109.2611,38.4023,14.65
2018-06-28,184.2089,1701.45,97.8293,1114.22,80.319,72.8583,123.262,65.5459,221.7844,102.8022,184.4046,120.4255,108.5256,268.1037,26.3091,110.5563,37.9463,14.86
2018-06-29,183.8217,1699.8,97.8094,1115.65,81.0637,72.5315,124.0173,65.5851,218.9553,102.087,182.5542,119.774,108.25,268.4897,26.3091,110.8751,37.8868,15.06
2018-07-02,185.8773,1713.78,99.1981,1127.46,80.1132,71.7295,121.8789,65.8204,221.6256,102.9492,184.7229,120.0109,108.5158,269.0637,26.4377,111.3931,37.7084,14.96
2018-07-03,182.6399,1693.96,98.2459,1102.89,80.5836,72.7394,122.3498,64.7423,218.7667,101.509,184.2454,121.1263,108.3681,268.1136,26.2002,110.4467,37.9959,14.92
2018-07-05,184.1096,1699.73,98.9501,1124.27,80.6521,71.8681,121.6141,65.2323,219.124,102.169,184.0365,123.3867,109.1066,270.3008,26.2596,112.2798,37.3813,14.78
2018-07-06,186.6618,1710.63,100.3387,1140.17,80.6717,72.9375,121.771,65.8008,220.1663,102.5039,185.2502,124.1271,109.2846,272.5871,26.3882,114.0631,36.7568,14.96
2018-07-09,189.2536,1739.02,101.0231,1154.05,81.2303,74.4426,123.5857,67.5649,226.321,105.6757,186.5435,124.4232,109.5615,275.0416,26.9918,116.1752,36.1025,15.03
2018-07-10,189.0252,1743.07,101.2909,1152.84,81.975,74.7297,125.1552,66.869,225.1893,105.0256,187.2896,125.736,111.7573,276.0313,26.8928,116.9324,35.8547,15.07
2018-07-11,186.5724,1755.0,101.1521,1153.9,80.9265,72.6305,121.1629,66.5554,224.008,104.799,186.5933,124.6107,112.3409,274.0123,26.7642,115.3184,36.3702,14.31
2018-07-12,189.7005,1796.62,103.3441,1183.48,81.0245,72.9672,121.8887,67.1434,225.5566,105.2522,190.0951,126.1111,112.6574,276.4964,26.8137,117.3209,35.7456,14.39
2018-07-13,189.9984,1813.03,104.5741,1188.82,81.632,73.8584,121.6729,65.6635,224.7525,104.7695,190.9009,124.3047,113.6959,276.7142,26.695,117.5003,35.6663,14.47
2018-07-16,189.5813,1822.49,104.0583,1183.86,80.8285,72.1255,120.6332,68.0745,229.7457,108.9264,190.4632,123.0807,113.1322,276.4668,27.1699,117.2811,35.7357,13.94
2018-07-17,190.1175,1843.93,105.0898,1198.8,80.6521,70.7294,119.5836,67.9667,229.3288,108.8476,190.5527,127.4437,112.8156,277.5851,27.1996,118.3172,35.4284,13.95
2018-07-18,189.0748,1842.92,104.2666,1195.88,80.564,70.7987,119.2108,68.4567,229.5472,109.8622,190.3438,126.1506,112.2914,278.1691,27.6349,118.7556,35.3095,14.1
2018-07-19,190.5445,1812.97,103.5524,1186.96,80.3582,70.3828,119.3482,67.6139,227.9489,108.2467,189.0605,124.3146,113.7355,277.12,27.2194,117.8689,35.5771,14.13
2018-07-20,190.1076,1813.7,105.4072,1184.91,79.7605,70.2541,119.9367,67.8393,229.9939,109.6159,186.255,124.2258,113.2113,276.8033,27.2688,117.58,35.6663,14.15
2018-07-23,190.2764,1802.0,107.0934,1205.5,79.7605,70.363,119.0146,68.8095,232.0487,111.655,187.3593,124.9957,113.6366,277.3179,27.6448,117.9984,35.5375,14.09
2018-07-24,191.6567,1829.24,106.786,1248.08,81.338,71.6502,121.4866,69.6524,234.1532,112.443,187.09,127.6905,104.2699,278.7134,27.724,119.0943,35.2203,14.23
2018-07-25,193.4641,1863.61,109.9302,1263.7,81.9064,72.5909,122.5165,70.2894,234.9573,113.4576,188.6461,126.96,106.4855,281.0887,27.7833,121.2662,34.566,14.42
2018-07-26,192.8583,1808.0,108.73,1268.33,82.5433,72.6107,121.5847,69.917,235.3742,113.1325,188.676,128.5986,106.169,280.4256,27.7734,120.5289,34.7742,14.47
2018-07-27,189.6508,1817.27,106.8058,1238.5,80.27,71.6898,123.5661,70.26,235.9003,114.2949,189.1348,129.8522,105.5557,278.5254,27.8328,118.9249,35.25,14.32
2018-07-30,188.5883,1779.22,104.5146,1219.74,80.0936,72.987,125.3906,70.848,237.2007,114.9844,189.1847,130.4642,105.8524,277.0705,27.8526,117.5899,35.6366,14.54
2018-07-31,188.9656,1777.44,105.2188,1217.26,79.8683,72.4325,123.8604,70.456,235.6918,113.231,187.9179,130.8097,106.5448,278.4363,27.6547,118.7357,35.3095,14.28
2018-08-01,200.0976,1797.17,105.4172,1220.01,78.7708,68.8876,122.9972,70.4952,234.312,113.9304,186.3219,130.9281,105.7733,277.9711,27.6547,118.4467,35.3888,14.09
2018-08-02,205.9466,1834.33,106.6967,1226.15,78.3005,68.9866,121.3983,70.407,232.277,114.4131,186.5813,129.5561,107.3361,279.4854,27.6646,119.5626,35.0517,14.36
2018-08-03,206.5424,1823.29,107.1629,1223.71,78.5846,67.5905,121.6827,71.3932,232.3763,115.339,188.257,130.247,107.6526,280.6829,27.8229,120.7182,34.7345,14.27
2018-08-06,207.6149,1847.75,107.2521,1224.77,78.565,67.6103,121.928,71.4031,234.2028,115.3686,188.1373,130.3161,107.1976,281.7122,27.9713,121.585,34.4768,14.31
2018-08-07,205.6685,1862.48,107.9961,1242.22,79.6331,63.9069,122.7912,71.413,236.0889,115.7922,187.7184,129.7634,107.6526,282.6426,28.1,122.2923,34.2587,14.36
2018-08-08,205.8076,1886.52,108.6011,1245.61,79.104,64.511,121.516,71.8864,234.6396,116.0286,193.1448,129.4771,106.891,282.5238,28.1692,122.1828,34.3083,13.9
2018-08-09,207.4262,1898.52,108.7796,1249.1,78.7022,65.412,120.1917,70.9889,232.0686,115.1322,193.2944,129.5067,107.2174,282.1378,28.001,121.854,34.4173,13.88
2018-08-10,206.8084,1886.3,108.1151,1237.61,78.623,66.1646,120.9863,69.2926,227.9291,113.9994,194.0325,129.0625,107.346,280.2475,27.6745,120.1603,34.8931,14.08
2018-08-13,208.1438,1896.2,107.3315,1235.01,77.7716,65.6893,120.1035,68.2077,225.1992,112.1869,194.2221,128.5394,107.2372,279.1984,27.4074,119.2238,35.1608,14.01
2018-08-14,209.0207,1919.65,108.6705,1242.1,77.5242,66.323,120.2408,69.046,227.8795,112.9355,196.4564,127.8287,107.4647,280.9799,27.6646,120.788,34.7147,13.99
2018-08-15,209.509,1882.62,107.197,1214.38,76.1679,61.7285,115.6893,67.7047,227.5717,111.9997,196.7956,128.7467,107.1877,278.8817,27.4469,118.9648,35.2203,13.51
2018-08-16,212.5783,1886.52,107.177,1206.49,77.2173,61.6988,116.5212,68.6022,231.2943,113.0537,197.9726,130.7702,108.345,281.1382,27.813,120.9075,34.6651,13.63
2018-08-17,216.8235,1882.22,107.1173,1200.96,77.4747,61.4414,116.6598,68.7107,231.6715,113.0537,198.3617,132.7345,110.2242,282.1279,27.8724,121.6448,34.4272,13.69
2018-08-20,214.7108,1876.71,106.4104,1207.77,78.0191,61.7087,116.6103,69.5589,234.0539,112.906,199.02,135.1134,110.1253,282.7316,27.9614,122.2326,34.2785,13.76
2018-08-21,214.2923,1883.42,105.5242,1201.62,78.0389,61.9464,116.7985,70.2591,236.9029,113.5955,197.8529,133.6032,109.4231,283.3948,28.0703,122.7207,34.1596,13.83
2018-08-22,214.3023,1904.9,106.5995,1207.33,79.1576,62.9465,117.769,70.1407,237.5879,113.2507,197.2744,132.8727,109.5022,283.2265,27.9713,122.6311,34.1794,14.27
2018-08-23,214.7407,1902.9,107.0974,1205.38,78.2864,62.4712,116.9569,69.835,234.6098,113.0143,196.2071,133.3663,109.5912,282.8504,27.8427,122.2525,34.2686,14.27
2018-08-24,215.4084,1905.39,107.9338,1220.65,78.821,63.0257,117.8581,69.6969,233.3888,112.9651,196.7756,134.1954,109.3044,284.5527,27.9417,123.717,33.8721,14.43
2018-08-27,217.1822,1927.68,109.1286,1241.82,79.5932,63.9168,119.1851,71.3932,240.824,114.9647,197.4041,134.0662,109.1857,286.7994,28.3176,125.6199,33.3666,14.5
2018-08-28,218.9361,1932.82,109.7858,1231.15,79.4744,64.2337,118.6999,71.3834,240.5957,114.4032,198.3617,133.47,109.3637,286.9379,28.288,125.7693,33.3368,14.43
2018-08-29,222.2047,1998.1,111.5382,1249.3,80.0486,64.3525,119.0564,71.5313,240.4264,114.0289,198.7706,134.0066,109.6407,288.4819,28.2781,127.1442,32.9601,14.66
2018-08-30,224.2476,2002.38,111.4685,1239.12,79.7021,63.8178,118.6504,70.476,238.4345,113.4675,199.0699,134.096,108.9285,287.314,28.0604,126.0284,33.2575,14.75
2018-08-31,226.8385,2012.71,111.8469,1218.19,79.3655,63.7683,117.3134,70.2591,236.8509,112.8666,199.7681,133.8377,108.7802,287.3239,28.0307,126.0383,33.2575,14.71
2018-09-04,227.566,2039.51,111.2295,1197.0,79.4843,63.3326,117.7195,70.4169,236.7015,113.428,198.8006,132.8738,108.1372,286.8291,28.1692,125.6697,33.3467,14.58
2018-09-05,226.0812,1994.82,108.0234,1186.48,80.5436,63.7584,117.769,70.19,236.6019,112.8764,201.424,135.0003,108.2559,286.0571,28.189,124.8727,33.545,14.49
2018-09-06,222.3243,1958.31,108.2723,1171.44,79.6526,63.0554,114.1147,69.1446,233.5742,112.3938,202.1122,136.0039,108.5724,285.196,28.0604,124.1653,33.7631,14.3
2018-09-07,220.5305,1952.07,107.7446,1164.83,81.0088,62.9168,113.4908,68.6811,232.9666,112.6105,202.5711,136.451,108.157,284.6418,28.0307,123.6174,33.9316,14.28
2018-09-10,217.5709,1939.01,108.9096,1164.64,80.89,62.5603,113.3719,68.6712,230.9747,112.0096,200.5462,136.3417,107.5339,285.1366,28.001,124.0358,33.7928,14.21
2018-09-11,223.0717,1987.15,110.7616,1177.36,82.0285,62.2024,113.9067,68.474,229.2816,112.7188,201.6833,137.6335,107.1778,286.0769,28.0307,124.9325,33.5351,14.6
2018-09-12,220.3013,1990.0,111.2295,1162.82,82.2958,61.4071,114.6693,69.5391,227.2299,111.389,202.9202,138.4781,106.7228,286.1462,27.7734,124.9723,33.5648,14.78
2018-09-13,225.6228,1989.87,112.4244,1175.33,81.4939,62.0732,115.1743,69.1841,227.4091,111.8224,202.5212,139.0048,106.9899,287.8386,27.7339,126.3372,33.1782,14.49
2018-09-14,223.0617,1970.19,112.8824,1172.53,82.0879,62.6398,116.2439,69.5687,228.3155,111.8027,202.2419,138.6073,107.0097,287.8881,27.9318,126.4069,33.1485,14.5
2018-09-17,217.1224,1908.03,111.6577,1156.05,82.573,63.5942,116.3726,69.904,226.9709,112.1376,204.2568,139.0743,106.4558,286.3639,27.813,125.0321,33.545,14.47
2018-09-18,217.4812,1941.05,112.7231,1161.22,82.7908,64.3696,116.9866,70.3774,227.9669,112.5908,204.9252,139.6507,106.0503,287.9177,27.9515,126.3771,33.1584,14.69
2018-09-19,217.6107,1926.42,111.2196,1171.09,83.7807,64.3795,118.3533,72.7049,234.6299,115.8611,205.1546,139.5712,106.3569,288.2246,28.4265,126.6361,33.1088,14.94
2018-09-20,219.265,1944.3,113.0815,1186.87,83.9688,63.4848,118.2641,73.7602,236.4426,116.856,204.6858,141.0816,106.7525,290.5603,28.6738,128.6087,32.5735,14.8
