T_degC,Salnty
9.74,34.46
10.9,33.566
12.7,33.403
9.59,33.377
17.1,34.22
7.93,34.165
9.23,33.71
6.9,34.275
14.35,33.552
14.52,33.508
12.62,33.3
7.45,34.159
6.89,34.034
7.97,34.44
8.67,33.904
16.33,33.598
12.66,33.421
6.46,34.33
8.2,33.941
5.19,34.145
9.91,33.43
7.02,34.259
7.12,34.17
9.44,34.28
8.69,33.952
7.6,34.17
10.13,33.756
13.8,33.597
14.21,33.37
12.87,34.263
4.78,34.36
13.44,34.9
10.61,33.553
15.03,33.53
15.38,33.46
15.18,33.72
9.5,34.51
12.93,33.344
7.42,34.52
12.2,33.035
6.86,32.771
9.06,33.71
7.282,34.1265
13.79,33.389
10.76,33.424
8.47,33.975
7.55,34.029
6.75,34.356
8.5,34.338
5.64,34.223
6.95,34.244
17.01,33.538
7.1,34.205
19.21,33.516
14.14,34.092
26.86,35.53
7.86,33.975
8.83,34.071
9.56,33.749
11.94,33.393
10.65,33.792
5.94,34.269
8.98,34.229
8.25,34.15
6.41,34.241
12.45,33.355
5.43,34.45
9.85,33.4545
6.89,33.861
6.22,34.152
9.52,34.42
8.53,34.055
9.443,33.8378
18.27,33.421
5.09,34.239
11.25,33.95
15.43,32.958
12.46,33.404
15.54,33.3
8.98,34.291
7.73,34.021
16.48,33.343
14.41,33.412
8.68,34.237
18.75,33.477
16.66,33.653
10.06,33.652
18.69,33.637
3.84,34.53
6.92,34.334
13.35,33.34
15.19,33.69
14.47,33.581
6.7,34.42
4.27,34.498
8.18,33.538
8.45,34.18
15.85,33.73
9.3,33.93
19.63,34.34
4.22,34.45
8.12,34.44
8.44,34.126
10.9,33.66
10.86,33.735
13.35,33.147
14.05,33.637
16.96,33.75
4.6,34.137
5.69,34.287
6.92,34.09
9.79,33.816
14.38,33.32
12.71,33.912
14.88,33.07
8.35,34.18
9.73,33.72
10.385,33.7864
7.09,34.048
10.68,33.708
14.629,33.572
10.94,34.35
10.85,33.512
17.27,33.483
8.82,34.162
14.28,33.55
16.178,33.2402
14.95,33.278
9.21,33.783
7.87,33.66
14.5,33.46
8.37,34.013
7.42,34.45
16.04,33.35
8.42,34.315
10.52,33.391
5.92,34.43
19.51,33.49
5.87,34.41
13.33,33.454
8.22,34.013
11.75,33.401
14.44,33.127
15.98,33.51
7.633,34.2066
15.47,33.327
10.08,34.106
11.9,34.819
11.69,33.62
6.3,34.26
6.85,34.23
6.66,34.02
19.89,33.499
8.65,33.92
7.45,34.338
8.6,34.174
10.4,33.85
18.67,33.579
14.96,33.62
5.684,34.1922
15.5,32.29
15.14,33.601
12.28,33.326
4.16,34.45
9.66,33.581
7.1,34.02
9.1,34.11
15.94,33.563
14.9,33.496
9.39,34.181
15.02,33.515
8.27,34.048
8.95,33.912
16.81,33.879
14.34,33.326
9.69,33.937
10.34,33.595
12.37,33.58
15.99,33.541
10.94,34.094
12.88,33.589
11.5,33.526
13.58,33.4313
4.93,34.173
8.05,34.4
12.1,33.53
17.0,33.34
9.25,34.253
10.5,34.692
15.75,33.363
8.21,34.066
16.22,33.426
10.94,34.316
12.73,33.489
10.82,33.824
11.07,33.443
10.32,33.852
11.02,33.484
6.62,34.202
13.27,33.574
7.69,33.88
7.4,34.055
13.09,33.484
13.69,33.357
7.67,34.008
12.14,33.4
17.99,33.827
13.04,33.555
5.847,34.2434
6.78,34.34
5.91,34.241
8.11,34.255
17.08,33.2
6.06,34.079
25.0,35.28
7.63,34.045
6.16,34.43
8.89,33.898
16.12,33.3
11.06,33.51
8.02,33.958
6.86,34.229
10.15,33.911
4.45,34.258
15.59,33.451
9.49,33.61
14.04,33.591
8.64,34.041
15.31,33.333
15.66,33.24
17.25,33.13
6.746,34.297
6.38,34.28
16.93,33.541
5.61,34.386
11.54,33.597
14.58,33.26
14.379,33.1068
12.49,33.403
8.05,33.049
11.72,34.3
9.19,33.93
5.972,34.2725
10.64,33.98
8.47,33.935
12.83,33.51
5.74,34.23
6.6,34.217
10.33,34.253
9.58,33.89
9.15,34.034
11.94,33.55
25.42,34.595
15.79,33.833
5.91,34.04
6.1,34.132
8.025,34.2035
6.35,34.37
13.42,33.453
16.08,33.89
16.11,33.446
9.08,34.13
8.74,34.15
17.34,33.281
16.88,33.22
15.41,33.432
8.88,33.872
7.8,34.135
12.51,33.249
8.35,33.857
5.0,34.485
4.21,34.403
9.6,33.901
7.86,34.14
9.74,34.52
9.2,33.778
11.044,33.3028
12.59,33.36
16.73,33.679
10.73,34.51
7.08,34.04
15.1,33.56
17.55,33.575
7.72,34.062
16.16,33.3
5.86,34.262
16.62,33.53
20.5,33.388
16.9,33.877
6.32,34.19
9.18,33.39
14.66,33.448
8.53,33.89
9.71,34.01
14.01,33.63
7.16,33.98
8.22,34.06
11.81,33.098
17.56,33.327
13.92,33.13
1.8,34.666
15.4,33.56
14.88,33.603
13.69,33.417
14.22,33.17
7.96,33.98
15.7,33.681
12.15,34.02
14.13,33.62
5.7,34.157
9.41,34.26
19.24,33.784
14.81,34.31
13.95,33.68
14.19,33.52
14.38,33.388
6.9,34.215
7.36,34.257
14.7,33.23
7.84,34.03
10.63,33.067
4.86,34.502
11.31,33.52
14.81,32.899
14.47,33.022
9.29,33.8
15.55,33.565
14.78,35.302
18.46,33.6
10.8,32.6
3.27,34.582
15.44,34.18
6.92,34.241
15.879,33.3184
7.67,34.053
12.69,33.488
6.51,34.11
16.24,33.4
14.41,33.35
8.06,34.08
8.65,34.085
8.86,33.981
8.21,34.186
6.94,34.299
11.92,33.47
15.26,33.648
18.42,33.431
18.6,33.41
8.05,33.961
3.78,34.34
11.12,33.299
9.54,33.097
13.68,32.86
8.86,33.87
10.94,33.752
5.24,34.265
8.93,34.04
16.38,33.363
3.94,34.455
8.1,34.19
8.53,33.946
11.55,33.649
10.11,33.721
6.42,34.129
4.62,34.473
16.43,33.603
7.94,34.04
8.23,34.237
15.47,33.52
9.06,34.326
13.11,33.397
7.8,33.954
4.49,34.45
8.25,34.183
10.64,33.513
18.98,34.01
11.36,33.372
3.87,34.484
6.13,34.172
9.353,33.879
5.64,34.28
7.46,34.24
9.29,33.54
17.22,33.81
14.6,33.65
13.44,33.584
7.43,34.242
19.57,34.356
5.71,34.169
6.62,34.163
8.16,34.09
11.25,33.377
12.39,33.307
11.66,34.78
9.63,33.906
16.29,35.5
7.56,34.068
19.41,33.603
9.92,34.123
9.09,33.892
18.41,33.719
9.24,33.808
15.015,33.2639
12.86,33.444
10.18,34.572
10.17,34.47
14.78,33.209
8.19,34.046
6.42,34.208
11.02,34.31
6.03,34.298
5.48,34.189
24.04,35.293
8.54,33.95
14.95,33.43
15.68,33.351
11.83,33.92
19.68,33.257
6.06,34.345
5.74,34.33
19.65,33.687
12.61,33.821
6.77,34.02
6.14,34.11
6.7,34.281
16.94,33.146
15.68,33.67
13.539,33.3335
8.79,33.797
8.56,34.023
16.09,33.952
12.1,33.369
9.36,33.806
9.05,33.977
14.19,34.366
8.46,33.71
9.36,33.64
18.4,35.19
13.72,33.203
8.69,34.36
14.14,33.031
9.68,33.331
9.32,33.992
14.58,33.229
13.4,34.29
13.76,33.421
7.1,34.329
13.5,33.511
4.24,34.38
16.01,33.268
11.02,33.26
12.73,33.433
15.32,33.53
7.99,33.966
14.15,33.516
5.75,34.01
8.47,34.07
4.75,34.549
9.25,33.881
9.56,34.421
6.65,34.28
14.55,33.4
8.53,34.037
21.5,35.011
16.78,33.418
12.407,33.3948
12.12,33.61
9.8,33.923
6.6,34.108
4.97,34.302
6.7,34.48
9.38,34.463
16.33,33.58
10.03,33.694
9.82,33.802
6.66,34.09
12.24,33.44
18.74,33.55
12.0,33.685
14.52,33.04
5.85,34.05
9.3,34.121
10.82,33.13
11.89,33.403
11.03,33.617
8.02,34.097
13.39,33.228
9.89,33.942
14.54,33.217
15.36,33.371
4.26,34.301
7.62,34.275
9.73,34.46
7.9,34.224
17.87,34.28
8.3,34.032
10.5,33.767
8.11,33.986
17.97,34.13
10.53,34.519
19.13,33.535
11.235,33.231
12.44,33.12
8.49,34.476
3.62,34.498
20.96,33.919
10.24,33.51
14.92,33.65
9.84,33.827
9.12,33.606
8.07,33.051
18.82,33.566
11.24,33.62
14.43,32.883
14.83,33.516
14.24,33.382
13.91,33.134
8.98,33.68
21.64,35.254
3.78,34.25
22.55,34.713
15.53,33.178
7.25,34.1
5.66,34.228
14.21,33.533
17.42,34.068
8.69,33.97
9.19,34.224
9.34,33.751
9.75,32.83
9.52,33.68
4.5,34.43
9.83,34.667
6.68,34.071
11.02,34.364
11.46,33.55
14.42,33.673
16.1,33.455
5.91,34.136
6.54,34.265
4.75,34.417
2.31,34.61
8.78,33.904
13.82,33.19
16.18,33.616
15.43,33.11
8.43,33.963
11.91,32.884
5.06,34.39
8.22,34.128
7.51,34.032
6.26,33.98
12.49,32.7
6.37,33.98
8.95,34.052
11.34,33.89
15.79,33.41
10.82,34.072
9.62,34.29
11.2,33.4
11.2,33.585
12.94,33.418
8.59,33.974
6.33,34.125
3.88,34.473
5.52,34.29
9.77,33.69
13.19,33.126
12.8,34.56
12.9,33.469
4.93,34.545
12.94,33.27
18.32,33.473
8.76,33.934
12.57,33.22
18.2,33.15
9.29,33.82
7.97,33.967
19.34,33.66
6.82,34.181
17.66,33.22
14.91,33.62
9.64,33.78
18.24,33.03
22.07,33.515
9.88,33.734
16.02,34.992
14.86,33.531
18.85,33.53
12.62,33.581
12.34,33.639
11.58,33.72
13.35,33.18
13.23,33.36
19.65,33.562
12.09,33.353
10.5,34.07
11.41,33.664
10.32,33.764
14.65,33.158
9.59,34.1
14.7,33.273
12.36,33.78
5.32,34.14
12.24,33.038
15.49,33.254
14.77,33.57
5.75,34.34
11.93,33.65
14.85,33.357
6.92,34.419
7.94,34.157
9.63,33.6
13.7,34.08
16.13,33.054
7.84,34.05
9.32,33.76
7.99,34.175
9.04,34.025
6.545,34.1637
16.26,33.388
10.06,34.209
8.85,34.1
2.91,34.498
14.94,33.57
18.445,33.3388
7.35,34.169
14.08,33.535
6.93,34.389
7.58,34.37
8.27,34.051
11.8,33.35
7.14,34.34
12.52,33.409
11.06,33.89
10.06,33.58
12.12,33.58
14.968,33.2641
16.39,33.476
13.33,33.345
11.25,33.574
8.16,33.922
12.29,34.264
15.41,33.738
13.26,33.404
14.12,33.48
6.17,34.281
9.46,34.32
11.02,33.386
8.48,33.91
9.61,34.318
13.19,33.378
17.39,33.069
8.84,34.13
10.02,33.67
14.1,33.508
8.46,33.919
16.05,33.506
14.46,33.59
16.07,33.78
8.54,34.028
11.335,33.5642
5.9,34.2
7.46,34.142
8.854,33.8874
17.11,33.798
16.53,33.481
12.0,33.601
12.44,33.214
8.48,33.98
8.03,34.226
4.46,34.037
15.11,32.921
5.7,34.254
10.39,33.97
11.88,33.75
4.68,34.18
13.93,34.95
5.87,34.131
8.92,33.257
10.41,33.487
8.96,33.851
16.64,32.511
13.31,32.707
12.74,33.45
7.44,34.028
13.38,33.323
5.29,34.34
15.56,33.303
10.39,33.471
11.8,33.176
6.21,34.129
9.02,33.913
7.96,34.265
8.75,33.963
14.06,33.01
16.8,33.803
5.94,34.228
9.94,33.834
15.17,33.784
8.16,34.07
11.73,33.682
6.93,34.181
1.59,34.677
13.38,33.45
4.52,34.414
10.5,33.28
8.85,34.52
19.94,33.376
6.18,34.192
10.15,33.727
11.76,33.62
6.69,34.255
9.69,33.58
15.13,33.507
14.61,33.114
6.18,34.45
20.89,33.521
12.72,33.15
7.07,34.098
5.62,34.182
7.08,34.31
14.77,33.15
9.88,33.757
10.02,33.73
10.7,33.18
15.16,33.356
2.1,34.617
16.46,33.47
9.568,33.4993
6.38,34.034
9.96,33.458
4.07,34.48
5.3,34.215
5.98,34.42
7.95,34.083
11.27,33.46
4.24,34.53
10.15,33.618
11.95,32.722
19.83,34.13
15.61,33.14
5.24,34.31
11.68,33.779
14.88,33.25
11.88,33.51
14.504,33.4886
5.96,34.192
14.87,33.346
16.53,33.26
19.24,33.704
9.98,34.371
6.13,34.187
7.78,34.36
14.98,33.58
13.92,33.548
18.48,33.434
6.17,34.052
6.51,34.178
7.34,33.98
7.55,34.29
14.54,33.03
8.01,34.12
10.14,33.595
15.52,32.973
6.13,34.292
15.7,33.58
6.69,34.217
7.7,34.04
5.8,34.231
9.06,33.667
7.12,34.013
6.72,34.22
15.92,33.64
15.74,33.177
8.883,34.2364
13.04,33.467
16.588,33.1534
16.58,33.95
10.17,34.599
10.73,33.616
10.0,33.6
17.74,34.23
7.34,34.027
6.46,34.151
18.91,33.941
11.79,32.813
16.5,33.65
13.61,33.581
14.0,33.728
8.75,33.953
7.07,33.98
18.51,33.828
9.82,33.815
13.41,33.512
10.73,33.367
5.85,34.039
13.09,33.63
11.08,33.534
17.723,33.5073
16.5,33.11
6.88,33.974
6.44,34.27
9.65,33.99
11.98,33.53
15.51,33.174
10.93,33.51
10.14,34.178
12.41,33.057
11.8,33.588
14.78,33.32
5.97,34.26
17.28,33.342
13.06,33.503
9.04,34.56
9.3,33.85
15.15,33.56
10.81,33.333
15.73,33.222
5.6,34.151
6.12,34.302
10.05,33.536
10.18,33.405
6.6,34.35
6.78,34.019
14.94,33.682
8.44,34.506
8.34,33.9727
14.9,33.307
6.47,34.15
16.86,33.93
13.84,33.225
9.28,34.302
6.62,33.999
10.08,33.577
8.5,34.24
8.83,34.072
9.06,33.862
12.39,33.791
12.3,33.517
13.67,33.444
4.25,34.21
10.23,33.747
6.74,34.071
9.31,34.03
10.34,33.75
9.69,34.04
11.27,33.698
8.98,34.099
10.65,33.72
2.91,34.55
18.14,33.71
7.888,34.1912
7.12,34.131
5.53,34.078
7.78,34.02
9.57,34.452
11.38,33.24
10.25,33.57
9.62,33.781
8.55,34.128
10.19,33.892
10.56,33.765
8.39,34.044
11.55,33.283
17.9,33.57
18.12,34.489
8.45,34.0
7.88,34.07
8.29,34.221
13.95,33.42
16.28,35.07
18.99,33.233
9.29,33.924
19.73,33.813
7.05,34.233
9.21,33.813
9.59,33.89
13.75,34.94
12.99,33.48
12.31,33.265
12.5,33.858
14.57,33.537
22.15,34.35
9.49,33.774
12.84,33.42
6.93,33.935
14.42,33.42
5.96,34.075
12.05,33.53
17.5,34.45
14.75,33.33
8.43,34.009
4.5,34.445
6.64,34.272
6.47,34.32
8.07,34.287
10.09,33.82
7.01,33.98
10.95,33.667
13.61,33.539
12.13,33.51
6.92,34.31
12.04,33.73
10.99,34.235
10.01,33.95
9.56,34.17
5.94,34.272
9.47,33.881
7.397,34.0811
8.53,33.968
15.7,33.923
13.1,33.76
14.45,33.496
5.33,34.263
7.7,34.091
6.191,34.3079
15.54,33.559
5.45,34.281
18.99,33.741
6.35,34.13
15.1,33.281
8.32,33.999
3.5,34.54
15.49,33.362
7.96,34.253
10.22,34.05
10.5,34.17
13.87,34.92
3.93,34.49
5.64,34.25
7.28,34.29
4.31,34.107
5.83,34.04
15.551,33.3204
16.97,33.97
6.55,34.333
6.29,34.261
18.0,33.173
8.89,34.04
8.32,34.11
13.78,33.45
14.9,32.999
8.11,34.0
7.32,34.342
4.32,34.444
17.36,33.63
12.5,33.87
7.25,34.015
6.71,34.06
8.46,34.03
18.66,33.65
16.48,33.566
16.62,33.359
9.83,33.77
14.1,33.547
18.48,34.14
6.99,34.394
13.16,33.353
6.91,34.342
7.04,34.055
7.814,34.0287
13.97,33.889
3.75,34.46
5.43,34.275
12.48,33.503
7.73,34.182
17.61,33.558
9.24,34.506
6.41,34.191
4.67,34.485
8.62,33.91
13.36,33.36
7.73,34.084
4.06,34.52
12.87,33.648
12.73,33.618
5.28,34.29
8.35,33.955
9.196,33.701
12.74,33.66
8.33,34.24
17.0,33.74
10.81,34.22
11.11,33.54
9.809,33.7807
11.1,34.039
6.9,34.255
8.03,33.06
8.15,34.177
3.98,34.45
9.41,33.652
15.57,33.62
14.67,33.082
15.5,33.79
2.56,34.52
11.09,33.642
5.98,34.292
15.63,34.123
9.11,33.708
12.52,33.41
11.62,33.308
13.29,33.014
13.1,32.77
12.46,33.166
9.18,34.59
15.5,33.957
17.56,33.644
13.07,33.476
15.09,33.44
9.99,33.366
5.94,34.29
8.05,34.128
17.71,33.717
12.669,33.3487
9.5,33.529
8.1,34.025
8.43,34.149
12.29,33.882
12.31,33.374
12.09,33.58
7.03,34.025
9.86,33.774
14.9,33.218
6.89,34.15
14.67,33.38
11.35,33.569
8.21,34.084
4.02,34.471
12.74,32.677
10.94,33.495
16.72,33.663
5.44,34.293
10.79,33.17
15.9,32.971
14.07,33.75
7.39,34.03
12.27,32.515
11.05,33.769
18.46,33.738
13.67,32.922
10.08,33.714
10.976,33.1882
9.05,33.871
9.62,33.75
18.56,33.441
10.66,33.86
9.801,33.5896
8.88,34.27
9.09,33.48
8.9,34.523
7.56,34.228
10.397,33.5655
6.85,34.074
14.26,33.484
1.51,34.655
11.17,33.938
9.78,33.512
11.75,33.528
15.06,33.679
11.55,33.092
8.43,33.951
11.47,33.48
9.08,33.691
15.2,33.389
9.39,33.87
11.184,33.5493
7.78,34.01
9.44,33.802
14.41,33.262
5.02,34.515
9.52,34.061
5.2,33.98
11.25,33.95
6.59,34.147
6.93,34.31
7.45,34.049
8.06,34.38
5.53,34.329
14.44,33.646
16.29,33.679
8.18,34.49
12.48,33.207
5.63,34.115
10.78,34.34
9.94,34.24
10.71,33.675
17.52,33.78
13.97,33.216
20.66,33.78
9.06,33.787
2.6,34.627
8.17,33.996
14.0,33.672
5.37,34.145
9.67,33.883
15.99,33.098
9.1,34.24
4.31,34.135
3.66,34.561
18.42,33.411
8.17,34.035
8.07,34.192
3.32,34.49
9.86,33.334
9.98,33.496
6.33,34.167
8.31,33.919
6.98,34.336
10.48,33.202
7.79,34.114
8.479,34.2327
5.94,34.41
13.16,33.419
10.99,33.475
7.12,34.238
4.83,34.452
11.56,33.616
10.47,33.329
15.37,33.75
17.78,33.099
4.01,34.5
13.92,33.522
9.36,33.958
15.2,33.273
7.68,34.01
18.21,34.104
17.72,33.54
11.14,33.62
13.13,33.172
5.921,34.2898
14.97,33.57
11.11,33.525
10.61,34.72
10.33,34.57
6.15,34.225
7.58,34.087
10.86,33.33
18.61,33.97
4.15,34.318
13.96,33.572
8.64,34.03
14.97,32.76
10.48,33.87
6.59,34.283
15.7,32.897
13.93,33.365
13.41,33.43
9.41,33.941
7.94,34.09
7.13,34.282
5.29,33.884
6.08,34.402
13.01,33.268
7.85,34.38
10.66,33.431
6.65,34.263
5.87,34.265
11.39,33.586
13.5,33.26
10.58,33.576
14.89,33.55
10.93,33.754
14.13,33.191
8.84,34.23
10.52,33.62
6.25,34.364
16.38,33.384
9.51,33.455
18.22,33.288
14.21,33.612
4.67,34.426
8.49,34.276
10.75,33.549
15.73,34.043
8.24,34.085
10.79,34.55
10.29,33.747
7.1,34.28
25.3,34.68
6.93,34.064
18.38,33.334
6.39,34.09
15.41,32.815
20.46,34.46
6.33,34.295
8.09,34.054
8.13,34.077
6.92,34.42
6.67,33.992
8.44,33.951
12.04,33.5
8.04,34.25
15.14,33.25
3.8,34.48
12.51,33.301
7.74,34.03
8.65,33.853
19.63,33.635
7.54,34.237
8.23,34.004
5.66,34.43
8.23,34.19
9.42,33.58
12.19,33.359
7.59,34.035
6.59,34.265
16.25,32.981
10.15,33.651
7.9,34.014
7.66,34.202
12.0,34.368
14.9,33.26
19.8,33.96
6.62,34.51
7.38,34.05
8.05,34.2
6.58,34.115
7.25,34.191
15.276,33.5389
8.4,34.18
9.83,33.57
8.949,34.0936
7.41,34.34
6.52,34.52
5.835,34.1598
6.61,34.292
8.15,34.101
12.89,33.108
12.71,33.17
13.65,32.881
17.2,33.963
19.839,33.5213
7.52,34.481
8.64,34.09
7.4,33.978
13.2,33.55
10.95,33.373
15.4,33.28
10.68,33.651
6.98,34.313
8.85,33.33
8.34,34.162
11.28,33.49
15.78,33.35
7.79,34.13
17.53,32.66
6.8,34.282
12.38,32.791
9.56,33.669
6.46,34.16
7.25,34.35
10.66,33.37
7.7,34.114
6.13,34.123
3.41,34.52
11.828,32.9237
8.91,33.982
13.82,33.18
8.76,34.09
4.94,34.47
16.58,33.58
8.49,34.063
6.95,34.27
7.82,34.14
13.52,33.6
9.8,33.648
15.78,33.389
13.29,33.167
14.836,33.3527
5.93,34.34
10.34,33.517
14.56,33.5
7.93,34.136
7.24,34.04
8.24,34.56
16.56,33.534
9.489,34.0299
16.26,33.62
7.48,34.0
5.01,34.258
8.25,34.039
14.01,33.297
7.61,34.31
8.55,33.979
8.84,34.003
7.41,34.085
10.186,34.0493
5.84,34.086
8.118,34.0918
7.81,33.23
17.65,33.212
12.01,33.618
1.58,34.69
9.06,34.018
13.9,33.33
16.39,33.256
5.25,34.414
11.35,33.46
9.38,34.5
13.21,33.04
10.83,33.304
4.32,34.423
18.7,33.488
7.86,34.218
6.83,34.091
10.54,33.618
5.46,34.169
9.944,33.665
17.05,33.28
13.91,34.76
6.39,34.139
6.43,34.281
9.76,33.74
9.01,33.78
7.85,34.229
9.77,33.348
6.45,34.33
7.64,34.419
13.164,32.9362
11.57,33.789
7.79,34.035
9.04,33.612
8.34,34.202
3.12,34.569
5.36,34.187
6.51,34.276
16.54,33.671
9.74,33.422
5.84,34.21
10.6,34.014
17.33,33.74
16.32,33.278
4.16,34.53
7.64,34.058
8.35,33.95
4.77,34.24
9.256,34.0497
12.33,33.428
8.23,34.072
11.83,33.831
5.09,34.34
1.54,34.684
6.43,34.38
6.42,34.33
23.92,34.88
8.13,34.42
8.99,33.86
14.05,34.177
14.35,33.45
7.26,34.45
15.32,33.513
8.04,34.472
15.39,33.222
13.89,33.328
16.1,33.22
19.12,33.57
10.46,33.67
11.22,34.492
17.01,33.187
8.62,34.04
19.49,33.21
11.41,33.886
15.17,33.292
8.28,34.0
11.16,33.678
22.42,33.84
15.54,33.505
9.35,33.903
14.84,33.282
10.7,33.49
5.9,34.519
12.05,33.599
6.32,34.2
8.62,34.07
8.9,34.186
11.3,33.475
9.27,33.95
5.55,34.196
7.61,34.235
11.11,33.584
17.0,33.81
12.88,33.484
11.25,33.22
11.39,33.435
9.6,33.8
11.65,33.618
14.56,33.23
15.06,33.423
11.12,33.668
7.95,34.36
5.72,34.133
16.08,33.44
15.71,35.089
18.41,34.77
20.08,33.454
5.13,34.363
13.11,33.304
13.0,33.66
14.6,33.03
15.16,33.532
21.26,34.466
6.673,34.2475
18.58,34.18
7.18,34.34
10.107,33.8558
14.73,33.599
13.06,33.6
9.0,33.956
18.54,33.622
7.12,34.305
7.59,34.27
10.1,34.43
17.34,33.427
7.46,34.139
7.43,34.058
16.54,33.328
11.16,33.659
3.54,34.47
6.38,34.266
13.27,33.216
14.423,33.1774
9.48,33.609
7.88,34.51
9.08,33.786
16.56,33.492
12.24,34.027
9.84,33.804
7.07,34.16
9.28,33.904
6.1,34.264
8.81,34.14
15.05,33.079
7.2,34.01
10.5,33.383
9.6,33.84
7.91,34.01
12.17,33.494
10.13,33.44
4.19,34.43
8.02,34.057
8.39,34.212
10.94,33.439
9.18,33.983
8.25,33.1
11.03,33.643
10.32,33.362
19.46,33.79
6.84,34.308
5.64,34.209
6.87,34.31
5.94,34.31
8.15,34.186
11.11,33.522
10.17,33.304
13.0,33.359
8.04,34.131
9.76,33.85
13.33,33.173
10.33,34.08
14.98,33.234
2.84,34.498
8.77,33.838
15.15,33.177
8.06,33.94
9.44,33.469
4.04,34.47
18.88,33.45
10.8,34.69
7.56,34.021
13.93,33.1
2.32,34.615
17.45,33.351
12.22,33.441
9.06,33.602
7.96,34.254
3.94,34.45
14.69,33.241
14.65,33.167
7.32,32.82
7.14,34.51
4.12,34.371
10.58,34.41
9.7,33.929
6.677,34.2197
11.61,33.4
13.06,33.246
17.468,33.5795
15.502,33.3912
10.86,33.723
12.48,33.14
9.17,33.809
8.94,34.042
8.55,33.47
7.96,33.994
11.04,33.64
12.15,33.23
7.37,34.274
6.96,34.277
13.67,33.192
7.83,34.176
8.53,34.076
6.25,34.065
13.97,33.56
6.0,34.51
3.22,34.502
8.8,34.103
11.05,33.28
8.0,34.06
9.35,33.736
7.74,34.185
9.06,34.16
14.34,33.166
4.43,34.42
10.28,33.519
17.1,33.439
11.95,32.905
7.87,34.361
8.96,34.264
9.27,33.838
10.55,33.44
14.33,33.378
11.09,33.3667
15.26,33.4
14.109,33.2444
13.22,33.546
13.02,33.521
10.71,33.723
16.34,33.076
13.13,33.236
7.1,34.059
11.5,33.427
9.24,33.712
12.65,33.201
16.42,33.979
11.74,33.206
14.86,33.78
8.57,33.992
10.96,33.474
13.51,33.381
6.78,33.752
13.94,32.944
10.88,33.834
4.62,34.455
15.11,33.24
6.69,34.11
9.17,33.84
4.42,34.47
8.94,33.969
7.99,34.13
14.02,33.347
15.95,33.535
18.02,33.502
8.35,34.053
10.63,33.94
8.06,34.012
14.1,33.16
6.12,34.391
5.83,34.054
7.433,34.2903
15.18,33.347
13.65,34.082
15.41,33.487
9.23,34.318
9.93,33.926
11.414,33.525
7.92,34.05
11.6,34.65
12.35,32.523
14.32,33.48
8.49,33.96
5.7,34.4
15.84,33.978
7.98,34.195
2.75,34.607
8.68,33.983
5.95,34.37
16.01,33.642
13.69,35.015
18.2,33.6
6.62,34.23
8.53,34.232
7.69,34.191
8.71,33.927
8.62,34.01
8.28,33.913
9.66,33.968
9.32,33.826
17.91,34.06
8.29,33.94
8.38,34.23
5.45,34.237
6.31,34.326
6.01,34.203
6.73,34.05
14.0,33.3
9.43,33.93
8.63,33.988
9.06,33.98
9.13,34.239
19.99,33.17
11.828,33.3001
7.38,33.947
15.44,33.448
10.59,34.389
12.89,33.498
6.84,34.49
10.22,33.681
5.54,34.305
11.88,33.181
6.7,34.158
16.76,33.107
9.3,33.42
12.72,33.282
15.89,33.357
12.53,33.257
7.701,34.2697
8.87,34.062
4.86,34.36
9.43,33.877
9.96,33.629
8.27,34.06
12.08,32.69
8.54,34.009
11.61,32.93
13.76,33.453
4.42,34.58
9.42,34.18
10.45,33.63
7.67,34.19
17.33,33.44
15.29,33.309
3.84,34.18
7.44,34.125
13.93,33.71
3.95,34.38
6.98,34.47
15.59,33.53
8.058,34.2953
17.25,32.79
12.128,33.4816
5.89,34.4
14.06,32.891
14.14,33.008
9.81,33.513
6.906,34.211
15.95,33.606
12.15,33.386
3.56,34.52
14.18,33.48
7.74,34.191
8.96,33.68
11.72,33.43
8.35,34.005
5.97,34.082
10.5,33.682
8.68,34.26
12.63,33.383
10.81,33.49
15.46,33.491
7.47,34.21
3.56,34.513
16.8,34.52
14.23,33.17
9.65,33.752
17.15,33.78
16.26,33.86
12.1,33.409
7.45,34.18
15.51,33.421
10.72,33.668
7.86,34.157
11.98,33.222
10.67,34.61
7.35,34.098
4.54,34.575
9.5,34.0
12.5,34.858
8.21,34.112
15.84,33.4
6.06,34.29
3.98,34.51
15.33,33.21
8.23,34.446
15.75,33.646
11.27,33.478
4.55,34.456
10.99,33.519
11.92,33.64
7.57,34.398
21.34,34.65
8.62,34.153
13.97,33.046
7.54,34.182
8.18,33.867
9.9,33.65
11.007,33.4251
8.8,33.91
10.27,33.73
3.74,34.49
12.51,33.414
14.97,33.598
10.23,33.676
17.94,33.264
8.64,33.88
15.7,33.714
14.27,33.48
7.7,34.122
10.62,33.801
9.36,33.94
7.16,34.342
12.43,34.55
11.0,33.94
13.03,32.954
5.67,34.214
16.73,33.545
13.92,33.523
18.48,33.359
6.88,34.239
15.73,33.58
8.59,34.07
13.35,33.477
10.07,33.8
11.17,32.972
14.96,33.395
9.23,33.786
8.28,33.962
12.02,33.49
7.76,34.072
11.63,32.944
13.59,33.439
5.92,34.106
15.41,33.19
10.54,33.82
9.27,33.243
10.62,33.42
13.38,33.57
11.38,32.79
8.02,34.068
10.93,33.46
13.3,32.301
11.78,33.621
6.1,34.264
17.0,33.67
12.34,34.51
10.1,33.82
6.87,34.51
8.72,34.2
8.86,33.814
8.23,34.015
17.78,33.364
15.19,33.296
6.24,34.313
7.9,34.18
13.02,34.14
5.65,34.254
5.93,34.323
15.5,33.19
6.69,34.263
15.84,33.55
7.62,34.029
10.7,34.461
6.5,34.33
9.72,33.893
11.64,33.56
9.42,33.913
7.46,34.032
8.7,33.872
10.04,33.57
10.47,33.491
7.75,34.14
8.26,34.173
4.32,34.536
26.05,35.25
3.96,34.435
10.57,33.451
10.76,33.841
12.96,33.523
8.267,34.1086
8.836,33.8235
3.84,34.385
3.52,34.54
7.22,34.45
9.39,33.54
6.928,34.247
8.13,34.093
17.69,33.31
10.5,34.599
9.7,33.813
12.82,34.75
15.88,33.686
7.05,34.225
8.16,33.917
10.41,33.39
18.561,33.2631
14.16,33.521
5.0,34.396
6.66,34.167
13.38,33.279
16.47,33.497
5.21,34.175
8.28,33.972
6.28,34.24
13.16,33.14
9.25,34.044
18.54,34.04
8.82,33.842
18.1,33.196
5.87,34.321
8.3,34.047
15.02,33.475
7.59,34.02
5.04,34.374
5.8,34.225
14.7,33.516
1.97,34.583
4.9,34.14
16.59,33.8
6.8,34.25
14.1,33.533
7.64,34.174
9.27,33.708
14.14,33.223
7.94,34.102
10.9,33.476
8.68,33.93
7.53,34.188
14.51,33.538
16.7,33.8
9.38,34.04
16.91,33.865
12.75,33.461
12.57,33.27
15.76,33.201
14.32,33.4
19.57,33.71
8.71,33.599
15.51,33.253
9.43,34.302
9.62,33.73
19.11,33.572
13.76,33.564
12.87,33.38
5.23,34.17
8.77,34.104
8.24,33.974
12.5,33.244
8.85,33.936
7.75,34.022
15.17,33.39
5.05,34.115
15.56,34.47
15.12,33.154
14.78,33.343
3.36,34.61
10.34,33.65
14.82,35.068
10.48,33.89
8.12,33.934
13.06,33.53
10.82,33.56
13.02,33.177
7.87,34.255
7.5,33.998
7.66,34.16
9.36,33.961
12.03,33.22
9.44,34.205
6.73,34.083
8.42,33.963
9.099,34.12
16.8,33.357
9.72,33.81
14.69,33.62
20.89,33.8
14.39,33.199
8.06,33.957
15.93,33.471
10.08,33.47
5.98,34.275
15.807,33.1867
7.51,34.234
9.06,33.789
8.67,34.26
10.825,33.5669
6.61,34.143
5.9,34.169
10.73,33.58
10.1,33.596
11.53,33.59
4.08,34.52
9.41,34.242
14.78,33.589
16.47,33.883
17.38,33.14
12.353,33.41
8.9,34.506
9.66,33.883
16.14,33.147
10.63,33.395
15.21,33.421
7.02,34.142
5.69,34.127
6.29,34.321
13.2,33.33
10.96,34.63
13.46,34.09
15.42,33.24
12.38,33.572
15.82,33.213
13.11,33.651
9.71,33.633
10.9,34.582
14.6,34.202
9.55,33.628
14.54,32.76
17.815,33.2331
16.02,33.46
8.6,34.02
7.49,34.054
9.24,33.991
9.84,33.37
10.64,33.674
6.21,34.138
6.97,34.175
6.053,34.3337
8.85,34.145
11.13,33.256
7.69,34.29
9.41,33.679
6.99,34.23
5.6,34.173
17.72,33.247
10.34,33.51
3.07,34.54
9.28,33.871
15.03,33.56
10.76,33.13
13.8,33.54
15.53,33.208
5.96,34.417
7.28,34.379
17.547,33.2997
13.26,33.501
8.68,34.16
6.412,34.0504
15.82,34.535
9.05,34.382
13.266,33.4154
16.73,33.41
6.4,34.295
14.88,33.31
9.64,33.813
11.48,33.5535
7.89,33.954
10.07,33.42
19.21,33.726
15.92,33.46
9.89,34.236
7.48,34.31
16.58,33.76
8.9,33.91
4.89,34.38
13.61,33.5
7.0,34.303
14.63,33.657
12.14,32.998
13.38,33.493
7.8,33.977
9.4,33.65
7.58,34.167
8.87,33.67
8.91,34.096
15.31,33.382
7.77,34.044
19.84,33.739
13.36,33.408
7.33,34.024
9.33,33.765
9.77,33.83
10.01,34.398
16.19,33.485
11.96,33.307
10.77,33.702
7.08,34.153
13.17,33.223
11.47,33.74
7.23,34.074
9.94,34.229
16.06,33.559
8.17,33.922
15.94,33.388
8.29,33.885
17.12,33.71
7.5,34.042
16.46,33.56
18.19,33.74
12.0,33.639
12.02,33.81
10.97,33.42
12.8,33.327
8.22,33.912
14.11,33.48
10.28,33.542
10.91,33.49
13.65,34.757
11.2,33.433
10.32,34.097
16.22,33.55
10.64,33.586
13.2,33.35
16.79,33.39
10.18,33.686
12.51,33.97
6.32,34.28
14.97,33.355
10.82,33.646
12.77,33.386
9.712,33.4982
10.23,33.8
8.77,34.228
10.19,33.672
9.24,33.694
12.03,33.663
11.44,33.482
15.8,33.765
16.36,33.58
10.77,33.342
8.51,34.145
7.19,34.345
9.67,33.69
8.9,34.477
16.04,33.69
8.55,34.16
9.4,34.516
10.27,33.554
10.52,32.762
12.19,33.369
13.97,33.433
14.39,33.46
4.8,34.35
7.93,34.106
11.97,32.989
7.1,33.95
17.49,33.553
8.25,34.125
7.2,34.39
15.43,33.443
15.02,33.551
15.99,33.683
15.6,33.378
11.46,33.3857
8.23,34.33
10.56,33.756
16.15,32.77
15.13,33.293
10.95,33.71
6.66,34.27
10.01,33.71
14.96,33.467
12.27,33.498
16.86,33.977
10.08,33.527
18.93,33.335
11.4,33.31
12.04,34.039
9.77,33.759
13.88,33.553
14.63,33.37
14.66,33.38
6.9,34.104
18.7,33.82
14.29,33.259
12.36,33.275
5.17,34.477
12.32,33.264
9.27,33.818
14.51,34.658
17.69,33.69
4.89,34.33
11.53,33.8
13.23,33.449
10.18,34.188
13.5,33.06
10.52,34.66
8.91,34.1171
9.48,33.98
5.69,34.267
15.233,33.3084
14.62,33.304
8.72,33.93
4.92,34.379
6.49,34.198
7.94,34.79
15.31,33.69
10.0,33.609
8.98,33.992
10.949,33.6009
15.84,33.58
15.36,33.44
10.96,33.64
8.28,33.975
14.2,33.694
2.77,34.601
11.36,32.618
11.14,33.559
7.23,34.568
15.14,33.22
8.44,34.14
6.51,34.179
9.79,33.759
7.37,34.052
12.042,33.217
18.6,33.47
17.54,33.439
6.91,34.49
2.84,34.57
10.12,33.625
9.12,33.63
8.9,33.964
6.21,34.036
11.731,33.5721
15.62,33.64
16.03,33.644
12.86,33.483
15.77,33.24
10.17,33.624
8.04,34.257
7.34,34.238
7.21,34.228
11.45,33.185
12.58,33.496
6.79,34.163
15.6,33.89
7.92,34.073
18.66,33.403
8.83,33.98
4.86,34.35
13.77,33.395
9.04,33.66
11.04,33.011
8.94,34.038
4.17,34.04
12.84,33.64
5.72,34.371
7.89,33.997
14.97,33.311
9.24,34.18
14.2,34.689
8.85,34.071
11.14,34.42
10.19,33.56
4.75,34.52
6.82,33.648
13.79,33.41
7.9,34.183
8.33,34.048
11.16,33.953
14.56,33.6
9.32,33.868
16.95,33.04
9.79,33.583
6.89,34.217
11.58,33.4
3.83,34.31
6.03,34.073
5.19,33.95
18.64,34.27
6.25,34.098
13.21,33.111
8.53,34.262
9.17,33.874
17.61,33.817
16.1,33.55
9.7,33.64
9.02,33.977
7.99,34.216
8.91,33.551
22.02,33.98
10.3,33.579
8.69,34.128
8.75,33.773
14.9,33.25
6.127,34.0986
11.27,33.64
7.19,34.114
9.5,34.41
11.44,33.62
15.43,33.327
4.19,34.471
7.49,34.095
6.73,34.369
14.08,33.94
9.46,33.87
12.39,33.43
12.74,32.969
10.88,34.63
5.16,34.248
14.03,33.21
17.73,33.59
4.47,34.455
5.01,34.05
9.8,33.826
8.67,33.97
9.216,33.8737
10.31,33.78
13.651,33.3835
13.75,33.599
11.17,33.482
18.24,34.47
15.42,34.72
12.29,33.44
13.18,33.261
13.35,33.142
12.6,33.48
6.01,34.175
11.16,33.7
8.6,33.97
9.678,34.1182
10.36,33.766
6.51,34.091
5.11,34.16
22.84,33.63
7.9,33.898
9.12,34.08
18.8,33.739
9.19,34.048
3.46,34.45
9.92,32.72
12.02,33.703
14.72,33.499
6.55,34.172
14.31,33.48
11.05,34.49
15.94,33.412
10.23,34.169
14.91,33.542
12.73,34.96
12.85,32.81
6.656,34.2464
13.5,34.54
5.6,34.329
10.38,34.06
15.5,33.321
5.16,34.333
9.1,34.248
9.94,33.742
16.21,33.62
17.16,33.65
14.62,33.19
14.38,33.514
4.91,34.444
7.67,34.204
8.32,34.171
8.34,34.222
8.31,33.768
10.232,33.6983
8.19,34.39
16.4,33.759
12.46,33.41
11.32,33.539
11.57,34.035
8.71,34.15
8.62,33.966
12.46,33.32
7.29,34.403
9.67,33.884
5.45,34.224
9.81,33.723
5.43,34.538
7.54,34.0
5.32,34.39
4.01,34.42
7.46,34.021
13.06,33.365
13.325,33.5532
11.95,33.294
5.16,34.198
13.8,33.33
11.67,33.519
11.67,33.507
10.85,33.65
10.27,33.113
7.28,34.181
16.04,33.749
9.13,33.867
6.935,34.251
7.0,34.137
8.52,34.041
17.16,33.565
5.02,34.258
16.32,33.596
7.78,34.117
22.76,34.299
19.1,33.48
4.61,34.369
4.53,34.32
19.21,33.986
11.56,33.207
9.96,33.652
9.38,33.3
9.39,33.712
14.59,33.684
14.8,33.362
9.34,33.293
14.21,33.12
7.43,34.56
13.6,33.738
7.38,34.0
5.51,34.162
15.82,33.216
20.43,34.094
16.87,33.84
12.6,33.482
14.894,33.3801
7.11,34.126
2.86,34.65
5.66,34.3
9.28,34.297
7.8,34.22
14.7,32.985
4.1,34.42
15.95,33.21
10.37,34.22
7.82,34.291
5.79,34.099
9.66,33.514
9.07,33.937
11.71,33.15
8.41,33.988
12.84,33.41
11.73,33.311
8.0,34.025
11.89,34.65
4.68,34.431
8.18,34.002
11.37,33.37
15.93,33.424
12.51,33.37
14.59,33.379
4.76,34.36
15.305,33.1751
6.09,34.31
9.72,33.741
14.6,33.63
9.74,33.783
11.56,33.69
11.37,33.492
14.25,33.414
5.86,34.302
11.73,33.563
16.41,33.708
13.48,33.45
8.96,34.138
6.98,34.183
8.41,34.051
13.86,34.09
9.22,33.962
11.88,33.53
10.32,33.671
17.51,33.863
13.93,33.23
9.12,33.922
4.61,34.38
16.2,35.34
21.56,34.233
22.11,34.34
12.97,33.545
11.95,33.118
7.01,34.126
9.9,33.48
6.4,34.148
11.89,33.3
10.29,33.62
14.44,33.486
15.86,33.509
13.88,34.98
13.98,33.263
9.18,33.748
7.4,34.006
12.19,32.864
14.64,33.4
10.92,33.423
8.47,34.097
8.87,34.112
9.3,34.476
14.19,33.39
13.71,33.504
7.16,34.33
11.02,33.389
17.79,33.387
14.741,33.1682
5.21,34.34
14.77,33.214
8.15,34.055
9.33,34.023
9.26,34.135
13.79,33.186
18.3,33.68
10.92,33.99
13.65,33.367
16.25,33.301
9.82,33.745
13.43,33.135
20.16,33.68
9.2,34.01
1.53,34.684
8.05,34.223
7.34,34.097
13.22,32.745
9.05,33.894
22.82,34.405
5.99,34.242
19.47,33.587
12.52,32.86
4.56,34.4
10.25,33.684
9.34,33.66
8.0,34.367
11.74,33.53
12.88,33.457
2.74,34.595
11.49,33.644
6.18,34.375
12.566,33.5027
8.68,34.322
12.65,32.562
12.5,33.427
9.18,34.41
6.81,34.27
14.98,33.527
8.473,33.9528
4.75,34.58
8.86,33.94
8.62,34.003
6.28,34.19
9.99,33.849
7.5,34.06
5.96,34.153
8.23,34.254
8.55,34.008
6.4,34.26
11.24,33.245
12.86,33.259
8.47,34.012
14.37,33.549
6.66,34.232
3.13,34.36
10.2,33.93
10.22,33.412
8.64,33.82
10.144,33.3243
17.56,33.63
9.6,33.849
14.14,33.578
8.01,34.121
11.24,33.267
4.06,34.42
7.28,34.042
10.35,33.3
10.26,33.898
17.73,33.14
8.28,34.193
15.54,33.33
8.04,33.96
10.61,33.468
10.03,33.373
9.15,34.087
9.86,33.743
13.0,33.41
8.48,33.92
13.9,33.45
7.04,33.613
13.26,33.353
5.06,34.38
10.37,33.648
9.72,34.65
6.48,34.22
10.33,34.453
8.43,33.646
9.28,34.194
12.46,33.37
10.153,34.0583
8.97,33.843
9.13,33.87
19.35,33.157
8.86,34.086
7.18,34.0
6.78,34.237
11.14,33.444
9.01,33.772
10.15,33.251
15.43,33.499
9.28,33.826
21.86,34.52
23.35,34.26
10.18,33.738
12.89,32.992
9.09,34.176
17.37,33.231
9.54,33.855
12.61,33.225
8.21,34.283
6.8,34.243
16.78,33.331
9.6,34.0
13.95,33.54
7.3,34.062
21.06,34.817
16.142,33.333
15.78,33.482
10.057,33.6809
8.207,34.2728
12.43,33.175
7.8,33.988
10.03,33.923
15.33,32.979
7.22,34.329
7.92,33.979
10.42,33.658
15.58,33.559
17.83,33.646
7.95,34.257
10.1,33.676
7.44,34.29
6.96,34.225
6.3,34.316
13.46,32.841
14.19,33.517
6.73,34.129
9.5,34.05
12.34,33.5
10.09,33.39
15.4,33.649
5.7,34.173
11.26,33.522
4.0,34.55
13.08,32.739
8.17,33.864
17.95,33.633
11.6,34.22
9.79,33.868
6.02,34.21
18.4,33.469
14.16,33.529
14.63,33.168
11.69,33.38
13.99,33.36
13.44,33.509
14.89,33.349
5.89,34.27
6.97,34.343
8.16,34.226
7.51,34.288
9.19,34.15
4.1,34.45
7.02,34.054
9.1,34.361
6.68,34.331
15.29,33.13
13.61,33.488
14.07,35.039
10.5,33.829
16.38,34.36
9.52,33.771
9.023,33.6594
9.13,34.006
9.39,34.165
6.9,34.216
22.6,33.515
14.93,33.446
7.17,34.562
3.25,34.598
10.97,33.29
14.27,33.58
7.55,34.169
6.86,34.072
14.34,33.03
5.62,34.173
11.2,34.523
9.498,33.8526
10.28,33.31
9.38,33.91
6.01,34.104
7.52,34.122
9.08,34.214
10.25,33.43
8.84,33.99
8.49,34.23
7.55,34.282
9.953,33.8984
14.72,33.211
12.15,33.429
9.07,33.771
6.45,34.223
4.49,34.45
7.15,34.057
9.28,34.185
15.12,33.444
5.95,34.154
12.96,33.343
9.93,33.804
18.29,32.137
14.46,33.288
15.05,33.395
9.39,34.276
12.39,32.828
6.17,34.187
21.4,34.295
8.87,34.43
4.54,34.33
7.16,34.16
8.75,33.966
14.921,33.2609
15.88,33.545
8.72,33.948
8.38,34.041
8.37,34.17
3.5,34.59
9.85,33.61
5.58,34.223
8.09,34.015
10.49,33.341
13.93,33.85
3.98,34.5
3.57,34.396
6.79,34.35
13.96,33.46
5.18,34.33
7.88,34.208
6.06,34.32
5.78,34.36
5.58,34.372
5.55,34.24
11.87,34.56
11.09,33.103
6.46,34.08
13.43,33.078
9.69,33.724
3.79,34.57
3.8,34.514
6.45,34.112
7.59,34.035
10.03,33.652
18.404,33.2135
17.5,34.09
3.17,34.542
11.26,33.262
8.9,33.874
12.68,33.53
7.61,34.05
17.49,33.49
14.15,32.934
12.93,33.62
4.21,34.47
12.36,33.641
9.73,33.636
5.35,34.51
6.48,34.05
8.88,33.92
6.73,34.093
7.5,34.101
11.54,34.512
9.9,33.52
19.81,33.752
8.75,33.97
7.52,34.21
6.86,34.41
8.8,33.982
15.25,33.66
8.01,34.012
16.678,33.2935
7.49,34.026
6.53,34.287
9.76,33.65
10.3,34.48
7.84,34.1
17.82,33.598
14.43,32.978
6.41,34.1
6.39,34.21
13.85,33.572
14.75,33.18
11.25,33.54
14.43,33.46
9.56,33.878
10.13,34.598
13.84,34.38
10.77,32.727
15.67,33.149
9.36,33.91
10.05,33.671
6.48,34.172
9.83,34.22
6.6,34.185
20.09,33.76
9.96,33.877
10.16,34.122
7.1,34.21
7.87,33.997
4.88,34.104
9.72,34.485
9.73,33.57
9.34,33.968
13.6,33.44
12.45,33.581
8.51,34.078
9.14,34.286
7.6,34.242
16.35,33.506
19.56,34.74
5.7,34.36
7.19,34.1454
14.46,33.46
9.22,33.732
7.999,34.1466
9.889,34.1132
9.71,34.55
9.86,33.874
5.56,34.139
5.81,34.51
8.78,34.15
17.22,33.153
7.96,34.043
14.29,33.53
6.8,34.256
14.45,33.54
6.68,34.11
9.33,33.878
12.212,33.318
13.45,33.425
9.87,33.759
15.39,33.381
19.83,34.102
6.71,34.243
8.2,33.984
11.66,32.83
8.94,34.045
9.8,33.943
13.05,33.5
14.81,33.046
16.66,33.846
9.54,34.02
15.31,33.553
15.9,33.576
3.62,34.488
5.3,34.315
17.9,33.19
6.54,34.47
7.54,34.3
7.6,33.485
12.7,34.328
19.024,33.5477
7.48,34.0
7.87,33.981
8.56,34.073
9.007,33.9435
9.53,33.9
7.19,34.144
9.38,33.707
9.66,33.77
18.42,33.454
16.01,33.536
8.12,33.439
8.81,33.89
16.76,34.137
7.63,34.56
7.86,34.125
8.56,33.966
10.51,32.772
17.14,33.538
13.96,32.848
11.79,33.361
8.48,33.95
4.03,34.48
8.46,33.964
6.55,34.29
8.733,34.0476
14.17,33.576
13.92,33.855
9.12,33.769
6.08,34.29
13.45,33.461
10.93,33.43
12.47,32.94
10.94,33.512
19.38,33.384
11.854,33.5114
6.314,34.1572
8.86,33.946
7.77,34.394
11.61,33.413
6.39,34.212
5.98,34.377
2.96,34.586
19.83,33.279
7.94,33.999
5.55,34.226
10.33,33.839
9.55,34.125
11.47,33.609
9.09,33.833
9.48,33.81
9.35,33.35
7.84,33.998
21.71,33.567
5.48,34.3
11.59,33.496
6.07,34.098
6.08,34.327
16.48,33.62
11.28,33.436
13.0,32.97
11.83,33.13
9.72,34.323
9.112,33.7095
11.78,34.79
8.32,34.129
18.83,33.28
6.17,34.312
13.33,34.26
1.94,34.613
7.58,34.005
15.72,33.4
7.12,34.271
5.3,34.345
19.43,33.17
11.01,33.771
14.47,33.592
9.97,34.6
6.4,34.243
4.14,34.438
3.56,34.408
9.71,34.287
14.57,33.297
4.52,34.368
5.88,34.195
14.4,33.37
19.35,34.082
6.29,34.149
8.69,33.798
10.42,33.301
5.95,34.066
8.31,34.038
15.13,33.119
13.0,33.41
13.989,32.9805
6.83,34.069
8.43,34.11
12.65,33.06
8.96,33.865
5.15,34.402
6.51,34.52
22.04,34.796
6.74,34.05
8.67,34.147
14.37,33.041
6.51,34.131
10.73,33.078
11.41,33.519
8.76,33.977
5.61,34.28
6.7,34.563
11.31,33.09
5.26,34.35
8.32,34.28
14.78,33.395
10.77,33.68
3.84,34.54
7.7,34.436
9.97,33.83
11.4,33.195
6.96,34.445
5.49,34.247
8.909,33.8871
10.47,33.609
10.61,33.53
5.35,34.179
12.84,33.051
11.02,34.068
5.76,34.24
12.64,33.277
14.94,33.206
14.89,32.835
10.78,34.104
4.51,34.39
14.52,33.32
14.33,33.571
9.87,33.798
10.05,33.829
15.26,34.38
14.73,33.773
8.54,34.027
9.52,33.988
17.48,33.69
7.78,34.19
7.57,34.114
13.94,33.06
3.52,34.52
7.008,34.2889
16.14,34.097
6.76,34.184
8.36,33.95
10.65,33.77
16.32,33.394
16.0,33.65
5.01,34.088
14.29,33.784
9.18,34.1
14.46,33.597
9.62,33.73
9.12,34.031
9.92,33.734
9.6,33.632
11.33,34.301
14.38,33.28
7.9,34.066
14.48,33.523
13.49,33.73
16.34,33.58
4.08,34.275
13.29,33.501
15.28,33.542
10.6,33.39
7.61,34.138
20.53,33.402
5.7,34.0
9.19,33.687
16.12,33.723
14.15,33.265
3.18,34.4
11.07,33.737
6.99,34.28
12.39,33.08
6.61,34.193
10.03,34.442
13.26,33.631
4.24,34.472
8.79,33.876
18.7,33.7
21.42,33.904
25.74,34.37
7.06,34.23
5.43,34.37
8.15,34.013
11.06,33.16
5.28,34.167
6.66,34.223
5.93,34.103
8.28,34.047
13.41,33.229
18.23,33.155
12.85,32.584
20.42,33.73
6.18,34.281
9.55,33.615
7.34,34.102
9.72,33.901
20.44,34.329
6.89,34.226
7.23,34.243
10.69,33.743
7.54,34.224
10.84,34.591
10.15,33.64
16.713,33.6139
3.36,34.53
12.43,33.457
12.16,34.63
12.58,33.541
7.72,34.294
13.77,33.716
17.87,32.895
6.29,34.541
4.94,34.47
7.88,33.99
9.26,34.447
16.41,33.5
9.83,33.882
16.49,33.562
9.16,34.054
4.9,34.439
5.39,34.35
5.96,34.207
9.0,33.829
6.66,34.174
8.51,33.899
14.82,33.662
13.36,33.048
11.66,32.944
15.2,33.39
18.57,33.49
8.5,34.17
6.08,34.169
7.38,34.195
9.292,33.6894
12.85,33.542
7.76,34.25
15.59,33.64
14.36,33.179
12.74,33.439
5.38,34.158
5.92,34.361
12.059,33.2744
18.73,34.05
10.06,33.45
13.96,33.309
8.88,33.551
15.16,33.65
9.29,34.1
14.47,33.269
11.71,34.726
9.94,33.402
15.68,33.6
10.17,33.306
17.12,34.987
16.42,33.532
7.521,34.186
9.08,34.04
9.57,33.821
10.04,33.823
15.81,33.483
17.18,33.79
8.86,33.477
8.85,33.777
10.61,33.88
8.04,34.181
8.2,33.99
8.97,33.78
9.06,33.872
5.08,34.273
15.54,32.762
10.74,33.15
15.24,33.56
10.11,33.56
5.78,34.36
12.0,33.493
10.78,33.062
5.93,34.277
6.17,33.96
7.79,34.12
6.07,34.275
8.7,33.997
10.93,33.186
10.54,33.229
21.5,33.781
9.32,33.58
8.21,33.946
10.69,33.577
8.72,33.77
8.37,34.052
5.61,34.198
6.31,34.382
8.84,33.988
19.537,33.1838
18.66,33.252
9.78,34.3
9.14,33.814
11.58,33.55
3.35,34.538
13.66,33.533
8.91,33.859
9.35,32.859
8.261,34.1402
11.28,33.636
3.69,34.51
13.73,33.19
4.22,34.456
16.16,33.469
17.1,33.42
6.61,34.05
10.68,33.748
3.94,34.426
7.78,34.007
6.84,34.34
21.3,34.43
5.56,34.232
15.68,33.811
15.28,33.694
11.01,33.78
14.42,33.731
12.364,33.7171
14.72,33.31
8.45,33.94
15.1,33.413
17.05,33.48
8.24,34.2
9.51,34.504
16.74,33.467
6.89,34.038
11.28,33.585
13.92,33.275
8.3,34.047
8.84,34.29
17.59,33.674
10.73,34.165
3.74,34.51
6.02,34.2139
7.1,34.103
8.6,33.61
10.81,34.304
16.153,33.4154
8.0,34.15
8.65,34.13
8.63,34.07
11.62,33.79
12.44,33.235
16.779,32.8196
8.44,33.91
9.78,33.58
19.89,34.7
11.02,33.69
10.5,33.873
13.61,33.151
8.04,32.983
13.46,33.599
11.44,33.065
4.5,34.46
16.22,35.048
9.41,34.035
11.42,33.676
3.31,34.519
14.65,33.136
19.42,34.329
6.98,34.258
17.59,33.245
5.15,34.325
16.55,34.307
15.1,33.54
6.13,34.314
9.54,33.87
9.59,33.684
15.58,33.55
16.82,33.953
19.77,33.98
14.02,34.759
10.0,34.03
7.3,34.177
16.42,33.53
13.88,33.701
17.21,33.21
7.97,34.305
7.38,34.25
13.36,33.5
8.24,34.094
10.79,33.716
7.47,34.076
4.61,34.332
14.86,33.43
16.09,33.312
10.67,32.66
13.05,35.017
13.233,33.133
5.65,34.346
15.51,33.46
6.06,34.218
11.05,33.66
10.69,33.681
7.23,34.271
5.47,34.1
16.84,32.982
6.306,34.3273
20.98,34.108
9.42,34.477
16.08,32.798
5.65,34.48
15.82,33.291
14.65,33.74
5.64,34.304
7.09,34.092
14.18,33.21
11.72,34.49
16.85,33.448
7.83,34.413
13.18,33.312
10.08,34.129
7.1,34.061
7.9,34.076
16.95,33.54
11.09,33.587
16.29,33.447
9.13,33.991
17.9,33.64
13.76,33.14
9.62,33.927
7.21,34.043
9.23,34.03
7.0,34.286
9.75,33.545
9.16,33.942
8.88,34.6
12.97,32.384
10.22,34.509
9.39,33.842
7.02,34.4
18.48,34.06
8.17,33.881
13.66,33.203
5.68,34.13
9.35,34.495
6.44,34.17
13.04,33.51
8.78,33.977
3.72,34.489
13.26,33.458
19.38,33.21
22.42,35.285
7.34,34.119
12.01,33.552
13.31,33.316
9.563,33.8213
5.14,34.3
5.82,34.424
17.18,33.522
15.45,32.97
6.18,34.23
1.97,34.635
9.38,33.907
7.14,34.08
13.8,33.616
10.243,33.7386
4.64,34.546
15.48,33.68
14.18,33.01
6.72,34.43
20.07,34.19
9.72,33.755
9.39,34.121
11.33,33.687
6.44,34.3
7.46,34.07
7.47,33.149
21.44,33.8
16.47,33.586
10.17,33.84
8.27,34.142
6.13,34.16
14.67,33.6
13.37,33.196
10.36,33.647
13.87,33.738
8.03,34.25
6.79,34.21
8.84,33.976
21.12,33.46
6.34,34.318
13.26,33.497
6.98,34.091
10.95,33.424
12.68,33.507
9.35,33.818
8.81,34.182
17.04,33.504
13.51,33.242
7.49,34.13
6.68,34.231
16.49,33.364
13.47,33.492
12.73,33.028
14.44,33.04
6.84,34.44
12.91,33.473
6.88,34.17
10.8,33.77
10.53,33.653
7.72,34.551
16.47,33.62
17.15,33.38
8.91,34.04
18.02,33.2405
5.43,34.187
8.24,34.15
8.33,34.076
12.52,33.111
15.5,33.567
9.73,33.71
9.63,33.846
9.34,34.48
5.57,34.15
8.9,34.48
13.16,33.507
11.48,33.427
3.33,34.52
7.36,34.061
1.64,34.76
7.89,33.88
10.68,33.752
18.43,33.649
20.04,34.57
10.33,33.408
6.26,34.43
11.35,33.012
14.09,33.089
8.66,33.845
7.92,34.007
11.99,32.871
2.62,34.615
8.46,33.983
8.8,34.236
4.48,34.393
14.06,33.624
6.39,34.244
14.93,33.54
13.53,33.7
20.94,33.8
19.44,33.085
17.33,33.231
8.8,34.07
15.14,33.655
8.77,34.04
7.98,33.888
14.17,33.44
16.69,33.524
14.91,33.874
12.81,33.95
13.75,32.932
9.09,33.987
16.79,35.181
11.84,33.36
14.14,33.367
19.41,33.786
12.52,33.513
9.44,33.804
1.63,34.668
18.61,33.749
9.93,33.651
11.56,32.58
7.66,34.542
9.36,33.613
9.2,33.828
2.63,34.54
21.75,34.519
11.47,33.358
17.24,33.201
13.06,33.487
19.644,33.5332
7.05,34.43
16.2,33.41
16.18,33.212
13.77,33.558
13.33,33.474
16.7,32.97
14.47,33.108
8.82,33.98
7.33,34.034
13.28,33.377
11.14,33.635
10.87,33.691
8.79,34.217
5.4,34.229
11.34,33.666
6.11,34.142
13.688,33.0281
8.07,34.248
12.5,34.38
3.21,34.541
3.41,34.493
15.16,33.158
14.32,33.261
11.64,33.997
6.13,34.182
8.16,34.094
13.5,33.0
12.71,33.658
19.132,33.6206
10.1,33.81
15.18,32.68
9.44,33.978
10.41,33.436
9.22,33.639
10.72,33.669
4.44,34.451
18.12,33.883
14.63,33.19
6.85,34.03
5.607,34.207
11.87,33.53
5.55,34.222
6.24,34.285
9.45,34.05
14.7,33.663
8.99,34.609
14.41,33.327
13.94,33.506
11.13,33.238
8.55,34.1
6.287,34.1055
9.98,33.85
11.27,33.425
8.97,33.826
13.39,32.914
6.46,34.274
9.64,33.632
19.5,34.96
17.77,33.16
6.04,34.047
6.68,34.011
8.6,34.11
14.7,33.57
8.36,34.038
7.62,34.033
8.36,34.199
14.1,35.05
7.22,34.22
9.18,33.935
10.65,33.48
7.06,34.213
5.4,34.35
14.64,35.01
9.3,33.714
14.34,33.675
12.55,34.181
16.57,33.892
8.46,33.944
16.78,33.48
5.4,34.26
8.46,34.003
12.96,33.786
14.53,33.34
8.94,33.931
10.89,33.71
11.05,33.595
15.42,33.72
11.62,33.567
19.569,33.2909
11.84,34.47
2.1,34.52
8.014,34.2353
2.9,34.56
10.4,34.11
7.68,34.02
11.9,33.618
11.86,33.622
13.92,33.58
13.04,33.516
4.72,34.36
8.19,34.205
12.86,33.475
24.36,35.392
8.19,34.019
16.06,33.126
14.66,33.541
6.12,34.155
7.62,34.193
8.51,33.21
5.37,34.21
12.86,33.271
10.64,34.74
8.79,33.67
10.08,34.19
24.46,34.81
9.64,34.25
15.09,33.423
12.46,32.77
17.076,33.2869
8.24,34.008
17.81,33.446
11.98,33.799
11.41,32.554
6.05,34.282
3.36,34.495
13.6,33.2
9.35,34.0
4.45,34.27
9.65,33.881
6.65,34.04
12.61,32.855
8.24,32.76
13.16,33.47
5.38,34.38
4.63,34.05
8.59,34.06
11.94,33.63
7.14,34.067
11.32,34.049
21.94,34.69
6.8,34.274
7.14,34.23
12.9,33.413
11.18,33.594
7.9,34.098
8.18,34.34
7.23,34.47
8.96,33.902
4.36,34.46
6.72,34.102
7.497,34.0323
9.47,34.588
6.22,34.438
8.84,33.997
5.34,34.479
8.24,33.848
11.52,33.333
9.93,33.897
12.179,33.4778
9.36,34.08
18.97,34.713
16.33,33.206
13.53,33.3
9.33,33.834
6.0,34.147
19.08,33.59
4.26,34.52
16.48,33.82
11.33,33.039
8.88,33.885
9.05,33.736
16.53,33.3
5.7,34.134
26.54,34.65
15.54,33.41
11.8,33.88
6.432,34.3177
15.64,33.04
9.18,34.0
8.16,34.176
12.9,33.045
6.65,34.37
7.3,34.13
16.88,33.054
6.0,34.351
5.53,34.215
6.14,34.174
5.51,34.308
8.89,34.024
10.05,33.785
8.45,34.1446
3.87,34.539
3.64,34.53
9.7,34.667
8.83,33.982
8.72,33.926
6.71,34.161
7.32,34.112
12.56,33.412
15.55,33.297
15.03,33.445
9.5,34.67
5.88,34.21
7.14,34.158
7.666,34.2895
12.1,33.504
9.53,33.929
9.85,33.754
13.75,33.567
9.32,33.846
3.06,34.578
15.7,33.565
11.61,33.58
14.97,33.273
7.3,34.25
7.703,34.1061
10.13,34.184
3.74,34.557
13.67,33.5
7.96,34.051
10.14,33.646
15.36,33.521
8.97,33.775
19.78,33.469
8.6,33.487
9.77,33.878
12.58,33.561
6.18,34.169
14.87,33.334
5.56,34.23
8.29,34.176
9.87,34.31
18.09,33.77
15.86,35.43
9.986,33.425
5.54,34.33
16.76,33.451
7.59,34.024
25.93,34.606
11.41,33.577
12.72,33.124
12.07,34.872
6.31,34.108
5.1,34.239
17.93,33.533
14.09,33.623
13.1,33.773
5.3,34.412
20.24,33.61
18.74,33.567
15.7,33.51
5.55,34.412
13.98,33.4
7.19,34.254
15.61,33.307
15.73,33.423
12.98,34.019
7.86,34.251
1.91,34.631
10.0,34.503
8.62,34.06
19.68,33.624
11.02,34.33
5.91,34.299
11.93,33.488
6.28,34.27
9.29,34.07
7.13,34.44
8.57,33.77
13.43,33.428
15.31,33.63
8.21,34.54
7.38,34.49
14.15,33.467
8.25,34.136
11.28,33.559
10.46,33.863
14.77,33.41
12.24,33.31
10.92,33.589
13.01,33.092
15.77,34.343
11.4,33.51
6.69,34.27
13.72,33.082
11.43,33.713
8.46,33.92
7.81,34.109
12.24,33.62
8.19,34.025
9.17,34.164
4.97,34.38
10.9,33.545
4.09,34.453
11.58,33.5
9.03,34.022
8.657,33.8795
11.9,33.463
7.01,33.994
8.131,34.2825
15.82,32.94
5.74,34.37
11.11,33.708
14.1,33.503
16.96,33.151
14.49,34.97
2.12,34.587
8.84,32.82
6.14,34.32
10.69,33.75
7.9,34.015
11.56,33.418
7.59,34.11
7.59,34.201
6.82,34.414
16.06,33.548
13.62,33.251
3.55,34.566
13.42,33.35
8.95,33.954
10.4,33.502
6.51,34.298
16.42,33.58
13.5,32.94
6.23,34.282
13.92,33.502
8.11,34.086
14.98,33.49
6.94,34.31
8.83,34.11
5.78,34.184
18.69,33.339
8.5,34.063
9.2,33.804
7.94,33.96
7.75,33.987
9.95,33.827
8.93,34.298
11.02,34.61
10.14,33.226
11.03,33.573
15.09,33.124
15.55,33.319
13.28,33.4
15.95,33.562
9.59,33.75
10.5,34.453
19.02,34.315
12.45,33.538
7.18,34.02
9.22,33.633
8.27,34.07
7.57,34.085
7.07,34.107
11.36,33.3463
9.2,33.84
6.37,34.19
11.3,33.48
11.86,32.836
8.58,34.11
7.21,34.125
11.9,34.721
7.63,34.39
9.93,33.678
9.23,33.666
11.928,33.1559
8.7,34.318
16.94,33.378
12.99,33.177
19.44,33.74
15.59,33.566
13.85,33.391
20.0,33.697
12.95,33.314
8.7,34.123
6.56,34.02
8.76,34.265
14.75,33.424
12.69,33.218
16.42,33.31
19.6,33.293
10.65,33.97
9.4,32.61
11.88,33.354
10.63,33.331
16.18,34.23
7.17,34.113
8.67,34.008
4.19,34.514
10.12,32.899
9.72,34.38
10.27,33.704
7.43,34.069
7.15,34.1
4.13,34.54
10.35,33.78
15.73,33.451
8.87,33.79
3.26,34.52
15.66,33.189
16.84,33.65
8.78,34.092
10.54,34.43
8.0,34.49
8.26,34.076
3.66,34.6
10.11,33.947
8.63,33.869
4.93,34.343
4.37,34.341
7.71,33.79
18.7,33.466
15.94,33.418
6.98,34.204
16.8,33.58
16.28,34.12
12.54,33.6
10.58,34.25
9.38,33.884
6.34,34.457
12.34,32.994
5.2,34.26
14.84,33.024
10.0,33.81
4.54,34.255
19.18,33.622
15.45,33.38
12.41,33.448
7.62,34.482
11.38,32.9
12.36,33.483
16.07,33.595
11.95,34.069
14.63,33.343
7.989,34.0724
8.67,34.057
18.86,34.13
6.96,34.205
7.456,34.2396
8.41,34.06
8.51,34.177
13.87,32.76
17.97,34.086
14.48,33.433
15.1,33.13
7.92,34.51
13.15,33.2163
10.184,33.5593
11.31,33.266
6.96,34.222
7.34,34.036
15.15,33.454
16.03,33.51
9.52,34.45
14.91,33.58
10.49,33.55
11.78,34.809
9.46,34.473
13.44,33.132
10.31,33.614
11.23,33.651
6.99,34.53
4.93,34.363
11.74,33.433
6.89,34.369
8.31,34.317
11.91,34.8
12.74,33.636
8.25,34.273
7.45,34.056
13.99,33.226
9.6,33.78
12.26,34.13
11.86,33.445
11.67,32.717
10.64,34.348
3.96,34.253
9.37,33.944
14.279,33.5553
9.45,33.683
9.678,33.4452
7.523,34.0898
10.82,33.414
3.94,34.298
8.44,33.85
8.44,34.14
8.28,34.211
10.91,33.152
7.05,34.503
14.26,33.59
8.8,33.937
10.33,33.53
15.46,33.526
13.32,32.95
15.69,33.453
13.9,33.45
21.38,35.278
8.66,34.21
4.27,34.43
10.1,34.018
9.62,33.78
11.97,33.326
7.57,33.841
11.2,33.427
9.02,34.03
6.43,34.257
12.22,33.48
5.56,34.095
11.74,33.69
8.71,33.989
7.46,33.939
11.29,33.448
10.16,33.73
12.18,33.075
20.64,33.73
8.35,34.118
8.74,34.174
15.85,33.456
13.37,33.742
10.72,33.569
15.62,33.474
6.273,34.1379
17.75,33.566
4.88,34.468
6.08,34.028
14.51,33.217
9.85,34.42
9.35,33.908
12.18,33.62
6.44,34.134
17.75,33.519
8.46,34.337
13.16,34.622
16.02,33.498
8.67,33.99
10.7,33.657
6.48,34.039
6.64,34.36
15.13,33.8
10.35,33.36
7.99,34.16
9.68,33.962
8.24,34.086
7.62,34.395
9.47,34.1197
7.84,34.019
12.23,33.021
11.9,32.429
9.15,34.16
6.84,34.242
10.06,33.556
17.36,34.24
14.41,33.449
14.65,33.295
5.65,34.255
12.58,34.301
1.64,34.661
7.08,34.267
4.67,34.42
11.82,33.51
12.031,33.4627
11.85,33.26
15.8,33.487
6.44,34.22
12.47,34.81
16.67,33.717
9.11,33.91
1.51,34.689
8.975,34.1792
10.19,33.678
18.07,33.638
9.84,34.263
14.68,33.163
4.77,33.96
14.07,33.58
8.54,34.029
6.32,34.176
4.93,34.135
9.77,33.94
8.452,33.9954
11.17,34.63
12.42,33.803
9.7,33.68
11.88,34.21
11.14,33.551
17.56,34.087
9.04,33.97
13.39,33.065
14.34,33.32
11.11,33.77
12.719,33.3672
11.95,33.455
13.01,33.74
15.64,33.52
6.94,34.287
8.6,33.95
10.64,33.489
7.901,34.0574
8.99,34.349
8.69,34.12
9.78,33.46
9.68,33.96
17.84,33.172
16.03,33.454
11.28,33.399
10.82,33.673
12.39,33.32
17.6,33.625
10.68,33.816
7.31,34.03
8.91,34.008
8.79,33.935
12.02,33.69
7.01,34.29
5.42,34.33
15.86,33.465
15.0,33.249
8.76,33.84
12.5,33.346
6.84,34.153
18.47,33.105
17.64,33.986
7.359,34.139
13.721,33.5656
3.98,34.47
8.52,34.273
9.46,34.014
8.1,34.075
10.47,33.368
11.0,33.552
7.86,33.98
8.67,33.844
3.08,34.44
10.32,33.58
18.24,35.378
15.74,33.657
7.09,34.393
14.11,32.825
10.74,33.146
9.39,33.91
9.67,34.38
13.89,32.905
22.32,33.47
8.23,34.171
10.96,33.34
13.78,33.53
13.28,34.116
8.66,34.134
14.58,33.513
14.43,33.424
5.7,34.238
10.08,33.894
8.29,34.14
17.75,33.727
13.17,32.929
7.51,34.048
17.95,34.216
8.09,33.96
13.32,33.648
10.71,33.148
11.26,33.455
8.85,33.898
7.62,34.13
15.54,33.16
11.8,33.531
6.93,34.13
11.24,33.35
16.133,33.356
9.76,34.045
2.86,34.617
10.39,33.707
6.06,34.295
14.81,33.516
13.85,32.885
5.99,34.38
9.43,33.55
9.1,33.93
3.8,34.485
16.57,33.054
16.18,33.047
14.61,33.162
11.33,33.735
12.09,33.683
11.39,33.115
7.35,34.239
13.15,33.494
7.3,34.22
3.9,34.511
7.43,34.089
12.51,33.472
12.66,33.325
14.52,33.27
4.79,34.27
2.52,34.586
9.64,34.172
6.16,34.306
9.97,33.91
6.85,34.563
6.26,34.25
7.86,34.112
7.044,34.304
10.75,34.65
9.63,33.945
21.917,33.6142
9.43,34.225
8.77,34.148
6.45,34.069
7.7,34.204
8.16,33.841
12.81,33.208
8.54,34.018
9.37,33.6
2.22,34.63
16.66,33.526
11.72,33.546
12.97,33.353
14.8,33.66
7.35,34.018
14.88,33.385
8.06,34.03
9.62,34.014
9.22,33.925
20.87,34.455
13.37,33.307
8.19,34.014
18.02,33.76
3.45,34.512
6.88,34.312
10.53,34.579
17.65,33.579
4.83,34.449
17.08,33.533
3.84,34.402
12.65,33.211
8.82,34.0
9.38,33.699
14.52,33.48
5.45,34.19
16.42,33.214
15.88,33.308
8.92,33.673
11.88,33.51
13.24,32.871
12.57,33.181
9.42,33.82
12.67,33.196
9.56,34.51
10.08,33.407
5.97,34.182
14.8,33.077
8.56,34.347
7.94,34.109
6.47,34.277
11.74,33.523
14.36,33.42
15.83,33.392
17.14,33.499
9.8,34.2718
16.64,33.37
15.13,33.431
8.22,34.193
6.93,34.266
10.26,33.49
13.81,33.21
16.95,33.056
4.19,34.45
9.02,33.98
13.41,33.733
7.04,34.173
8.57,33.955
7.31,34.11
9.42,34.25
10.08,33.461
6.072,34.2962
8.34,33.89
11.04,33.493
10.034,33.5329
6.75,34.37
9.09,33.311
9.24,33.86
9.27,34.358
8.72,33.961
10.24,33.872
13.75,33.4
12.28,33.589
8.44,34.07
19.03,33.391
5.56,34.204
10.54,33.584
13.63,32.886
17.54,33.87
10.51,34.373
11.0,33.611
12.29,33.509
18.22,33.202
3.58,34.482
15.02,33.448
12.58,33.524
15.01,33.48
5.57,34.18
5.82,34.272
14.16,33.678
13.01,33.61
16.64,33.17
8.91,34.087
8.08,33.906
14.09,33.557
9.08,34.219
14.03,33.066
6.11,34.076
7.75,34.118
9.66,34.009
6.64,34.205
4.52,34.418
1.57,34.66
15.16,35.12
13.6,33.365
8.49,33.96
11.2,33.48
14.64,33.247
9.04,34.18
13.2,33.27
9.17,33.73
11.17,33.048
14.43,34.33
3.96,34.493
15.2,33.66
16.4,33.569
7.06,34.243
7.21,33.96
9.81,33.72
12.77,33.763
15.2,33.585
7.29,33.857
8.56,34.128
5.25,34.21
8.8,34.07
16.13,33.56
9.93,34.5
6.69,34.398
9.65,33.658
14.99,33.489
16.66,33.76
19.59,34.62
7.48,34.258
5.931,34.2487
13.54,33.06
17.73,33.329
7.72,34.031
11.69,33.523
15.98,33.154
13.72,33.452
18.92,33.73
14.43,33.613
17.63,33.632
12.41,33.279
17.714,33.8224
8.27,34.13
7.53,34.032
5.39,34.457
18.98,33.98
16.78,33.78
11.22,33.507
6.698,34.3055
14.27,33.58
14.38,33.242
8.22,33.957
13.93,33.552
11.42,33.3
10.92,33.22
5.51,34.206
10.07,33.45
9.77,34.146
8.05,34.063
5.75,34.106
12.55,33.571
8.98,34.45
8.65,34.089
17.12,33.77
8.8,34.057
11.5,34.064
12.27,33.146
15.11,33.242
14.34,33.367
6.8,34.183
12.4,33.47
11.97,33.434
9.6,34.287
16.86,33.428
22.84,33.491
6.49,34.251
10.05,33.667
9.58,34.34
5.45,34.07
11.1,33.7
8.28,33.99
8.871,33.8564
6.19,34.13
18.52,33.31
8.26,34.04
15.49,33.423
12.06,33.58
7.15,33.987
20.86,34.166
9.41,34.034
12.98,33.46
9.04,33.86
16.57,33.486
17.81,33.685
18.06,33.585
11.56,34.72
7.32,34.03
12.07,33.02
1.54,34.69
12.81,33.606
13.48,33.315
10.97,33.123
7.29,34.574
18.15,33.269
10.0,34.253
10.76,34.261
11.42,33.47
13.25,33.304
14.1,33.58
9.17,33.566
4.7,34.419
18.01,33.192
8.63,33.92
5.52,34.137
27.58,35.08
14.71,33.266
6.19,34.217
16.08,33.262
16.7,33.7
16.15,33.5
6.45,34.322
12.84,33.38
22.62,34.626
16.05,33.964
15.93,33.165
14.551,33.1173
7.48,33.982
13.73,33.51
9.64,32.71
11.36,33.628
10.22,33.671
15.53,33.481
4.35,34.466
8.7,33.995
7.22,34.192
6.49,34.05
21.79,35.26
13.38,33.107
8.36,33.98
9.71,33.394
7.69,34.021
9.08,34.006
8.46,34.202
15.46,33.271
12.24,34.68
6.88,34.137
6.46,34.287
12.34,33.192
6.17,34.109
7.43,34.102
7.53,34.245
8.61,34.228
8.18,34.168
11.58,33.847
19.47,33.389
11.7,33.38
16.02,33.658
4.91,34.287
5.78,34.31
19.58,33.69
9.24,33.928
8.01,34.17
16.96,32.991
12.363,33.3508
17.43,35.22
8.48,34.413
5.02,34.39
8.76,33.942
9.53,34.484
6.2,34.33
11.901,33.3496
11.62,33.22
10.57,34.052
9.447,33.7016
14.91,33.42
7.79,34.025
12.56,33.43
7.97,34.214
5.1,34.44
3.51,34.548
9.28,33.66
9.66,34.303
18.23,32.89
7.1,34.26
9.88,33.633
7.99,34.019
9.34,34.067
8.27,34.064
10.96,33.876
8.26,34.216
13.31,33.4
21.16,33.75
8.28,34.528
6.35,34.327
7.76,34.064
21.19,34.021
15.81,33.361
9.552,33.9534
14.63,33.19
9.06,33.841
9.51,33.952
9.23,33.991
10.31,33.453
12.15,33.62
16.6,33.618
18.49,33.589
18.13,34.456
17.06,33.68
6.86,34.059
12.75,33.636
9.01,33.705
15.63,34.337
14.06,33.149
16.27,33.501
5.43,34.168
9.16,33.85
7.61,34.211
11.039,33.3215
16.69,33.151
8.04,34.3
24.07,34.594
9.029,33.9638
9.26,33.713
7.29,34.36
17.48,33.77
16.62,32.941
16.42,33.176
9.02,34.446
13.29,33.41
9.16,34.295
8.68,33.993
10.24,33.631
5.72,34.287
13.32,33.617
6.53,34.312
4.23,34.446
9.58,33.846
16.81,33.651
5.71,34.352
9.98,33.37
17.49,33.415
17.9,34.055
7.06,34.085
8.18,33.98
18.67,33.78
15.22,33.361
11.58,34.28
5.81,34.075
17.68,33.76
14.5,32.91
9.91,33.716
5.64,34.25
8.24,33.788
10.23,33.7
7.96,34.18
13.82,33.123
16.09,33.58
11.86,33.53
15.79,33.066
15.68,32.777
10.23,33.735
6.9,34.343
9.05,33.991
5.33,34.3
8.73,33.87
8.49,34.132
8.39,34.051
12.02,34.79
6.66,33.96
7.04,34.29
10.88,33.87
11.04,33.304
14.15,33.516
18.67,34.056
12.76,33.53
10.99,33.535
16.87,33.491
15.72,33.186
10.27,33.46
22.18,33.809
11.21,33.687
18.16,33.212
10.49,34.12
16.18,33.68
7.67,34.185
12.07,33.56
11.62,33.57
13.66,33.53
14.65,33.156
19.31,33.254
5.64,34.31
14.44,33.241
10.45,33.764
9.33,33.52
14.93,33.49
14.53,33.59
16.4,33.43
17.05,33.532
4.27,34.33
6.06,34.195
6.26,34.06
4.53,34.519
10.421,33.8273
10.24,33.574
6.72,33.992
12.14,33.33
6.98,34.012
8.59,33.77
7.5,33.31
5.96,34.219
14.45,33.414
7.54,34.364
11.22,33.373
7.58,34.188
18.9,33.64
5.25,34.36
16.26,33.229
7.79,34.175
10.6,33.494
11.87,33.139
8.92,34.02
10.49,33.601
17.63,33.05
19.86,33.872
6.8,34.214
7.46,34.028
15.68,33.881
9.12,34.197
10.73,33.683
6.77,34.07
9.17,33.538
14.54,35.14
13.29,33.34
6.35,34.5
7.01,34.274
18.99,34.34
7.72,34.024
8.18,34.04
9.94,33.196
16.3,33.95
6.92,34.261
10.12,33.73
11.12,32.955
9.09,34.088
5.84,34.227
13.27,33.02
12.62,32.94
8.56,34.112
13.1,33.48
11.88,33.39
14.65,33.518
13.0,33.42
4.62,34.401
5.63,34.242
18.89,33.4
6.9,34.014
16.76,33.224
6.56,34.177
7.19,34.11
6.26,34.282
13.68,33.4
12.8,33.66
19.65,33.885
11.03,33.64
8.25,34.066
8.84,34.153
6.26,34.34
9.85,34.13
14.78,33.604
1.61,34.664
7.49,34.111
14.19,33.421
6.77,34.258
7.23,34.235
14.08,33.238
8.41,34.107
9.325,33.8502
10.19,33.664
4.27,34.574
6.86,34.272
10.2,32.59
12.29,33.434
13.08,33.308
12.75,33.454
14.43,33.62
6.89,34.1
13.67,33.55
9.5,33.766
5.21,34.51
14.76,33.236
6.93,34.43
5.76,34.338
8.11,34.07
15.426,33.1718
9.84,34.129
11.36,33.54
7.55,34.298
14.61,33.231
11.8,33.19
7.42,34.065
5.74,34.132
12.36,34.62
12.29,33.381
13.48,33.283
20.2,33.61
5.3,34.172
4.58,34.43
19.394,33.4379
3.49,34.293
4.76,34.4
10.54,33.35
13.83,33.24
10.72,34.64
8.38,34.116
14.06,33.497
22.23,33.455
16.68,33.79
11.98,33.251
11.47,33.685
10.63,33.719
9.02,33.935
14.832,33.4578
16.33,33.3601
6.23,34.08
10.24,33.797
12.98,32.955
10.65,33.726
3.61,34.628
7.29,34.299
10.56,33.47
16.05,33.669
16.89,33.556
15.26,33.4
9.63,34.461
17.3,33.77
14.94,33.58
9.03,33.825
16.74,33.487
10.02,33.433
7.51,34.3
5.26,34.22
8.24,34.175
8.16,34.001
9.74,34.051
12.44,33.733
9.35,34.167
13.7,33.48
10.04,33.86
12.51,33.279
10.86,33.28
7.13,34.207
9.65,33.273
11.06,32.985
13.77,33.396
10.95,33.84
1.78,34.61
8.94,33.973
10.19,33.742
14.35,33.65
8.405,33.9443
17.03,33.672
8.55,34.31
7.22,34.36
5.42,34.13
5.42,34.38
6.13,34.539
8.6,33.999
9.68,34.51
5.83,34.27
8.98,33.86
9.684,33.505
19.4,33.26
6.97,34.42
20.98,33.891
14.04,32.971
7.28,34.28
7.23,34.23
7.86,34.037
14.01,33.407
13.68,33.12
7.94,34.227
7.08,34.343
10.2,33.58
5.56,34.3
10.78,33.261
4.46,34.525
12.846,33.2463
7.93,34.134
13.85,33.13
12.79,33.186
3.63,34.543
9.18,32.532
14.17,33.418
13.9,32.9
7.05,34.17
10.03,33.952
7.6,33.841
18.97,33.49
5.74,34.281
16.72,33.784
10.75,33.366
11.21,33.346
8.67,33.943
8.96,33.913
19.57,33.67
19.39,33.56
16.06,34.18
7.02,34.356
13.94,33.35
8.6,33.893
11.13,33.797
11.22,34.38
19.59,33.646
5.6,34.176
13.28,33.236
8.74,34.05
6.21,34.13
16.24,33.78
11.55,33.955
11.01,33.462
17.48,34.01
7.3,34.43
22.89,35.763
6.56,34.27
19.48,34.22
6.67,34.188
6.86,34.266
6.66,34.199
7.62,34.064
14.761,33.3579
12.91,33.247
13.34,33.37
9.88,33.76
9.72,33.93
11.96,33.44
16.128,33.1838
6.58,34.186
9.73,33.95
14.61,33.377
13.95,33.134
7.16,34.558
7.37,34.024
16.53,33.34
11.81,33.572
14.46,33.117
13.76,33.24
11.43,34.539
11.3,33.547
8.02,34.142
8.7,33.69
9.13,33.646
6.28,34.256
11.37,33.22
16.47,33.688
9.819,33.7722
10.65,33.51
18.56,33.814
7.31,34.308
10.78,33.633
14.04,33.03
18.4,34.286
12.08,33.671
13.12,33.054
13.91,33.26
8.28,33.931
13.03,33.461
13.2,32.562
15.51,33.251
8.35,33.68
12.49,33.142
7.38,34.115
16.22,33.53
12.2,32.916
14.3,33.408
15.73,33.47
8.73,34.218
18.8,34.178
11.58,32.81
14.62,33.359
14.68,32.853
10.06,34.62
7.97,34.037
11.12,33.717
20.55,33.66
14.91,33.23
13.55,33.428
14.86,33.432
16.5,33.738
8.46,34.12
6.88,34.224
13.7,33.19
16.24,33.094
7.07,34.131
9.165,34.0039
14.354,33.4372
10.6,34.22
5.85,34.398
5.95,34.251
15.13,33.46
7.35,34.052
12.32,33.51
18.41,33.278
18.47,34.14
12.26,33.48
6.47,34.056
11.33,33.402
18.53,34.52
11.52,33.371
15.26,33.172
12.95,33.122
14.872,33.3116
7.37,34.172
13.96,34.596
13.91,33.044
7.05,34.268
6.7,34.226
4.11,34.49
14.37,33.161
14.87,33.5
10.62,33.502
5.04,34.38
11.55,33.479
17.25,33.443
10.73,34.1
12.52,33.287
13.3,32.954
13.54,33.369
9.89,33.653
10.59,33.722
7.94,34.346
6.39,33.977
18.77,33.572
15.77,33.266
14.55,33.383
15.96,33.604
14.5,33.151
12.68,33.55
8.12,33.981
5.36,34.299
18.86,33.584
15.84,33.697
11.47,33.442
3.76,34.361
7.03,34.013
13.65,33.226
12.13,33.638
3.23,34.558
9.75,33.769
18.5,33.51
18.15,33.467
17.57,33.108
4.13,34.47
6.9,34.36
8.27,34.181
13.9,33.241
12.84,33.355
7.64,34.55
7.58,34.26
10.48,33.79
13.53,33.58
12.33,33.919
6.53,34.168
11.68,34.37
17.05,34.039
9.3,33.889
16.84,33.664
13.12,33.19
9.44,33.555
10.0,33.929
13.73,34.689
11.61,33.574
5.43,34.33
6.29,34.102
11.5,34.068
11.88,33.3
8.45,34.05
9.38,33.77
6.38,34.299
8.34,34.069
2.27,34.593
6.04,34.38
24.24,34.47
9.83,34.602
12.82,33.318
8.88,34.04
14.29,33.161
11.48,33.48
9.15,33.623
11.2,33.352
17.15,33.787
8.75,33.82
9.64,33.477
17.13,33.607
5.23,34.142
17.86,34.23
13.49,33.598
11.762,33.1392
8.86,34.003
11.79,33.358
11.91,34.42
7.02,34.48
8.63,34.168
8.02,34.08
7.68,34.34
13.77,33.288
13.33,33.65
8.04,34.088
10.29,33.72
12.04,32.851
9.37,34.194
17.43,33.68
3.11,34.47
10.04,34.622
9.65,33.809
10.57,33.554
7.51,34.127
5.46,34.303
4.08,34.589
13.94,33.367
11.73,33.674
18.24,33.39
11.7,32.751
8.82,34.623
5.36,34.133
10.38,34.45
10.23,33.79
5.52,34.194
7.88,34.213
7.88,34.22
12.68,33.118
9.78,33.803
6.99,34.091
11.14,33.625
19.62,33.007
7.82,34.03
4.11,34.47
8.51,34.105
7.67,34.012
13.79,33.36
6.57,34.252
9.86,34.18
15.01,33.307
14.34,33.569
16.005,33.1791
3.17,34.54
15.55,33.2
11.12,33.463
13.85,33.696
5.07,34.42
22.07,33.534
22.7,35.26
8.11,34.508
7.4,34.45
12.88,33.57
6.83,34.238
13.56,33.15
8.01,34.016
6.0,34.091
12.0,33.655
15.59,33.273
17.22,33.718
8.52,34.11
8.06,34.243
11.27,34.764
6.72,34.397
12.5,32.567
9.66,33.891
7.24,33.97
7.6,34.11
5.83,34.334
11.54,34.75
8.27,34.051
11.08,34.23
6.54,34.291
9.43,33.345
4.26,34.49
7.45,34.1
17.46,33.236
14.07,33.458
13.3,33.411
12.49,33.206
6.05,34.251
7.73,34.23
11.85,33.654
7.76,34.022
10.44,33.64
12.37,33.432
5.09,34.29
8.235,34.1663
15.75,33.441
8.04,34.03
9.28,33.784
16.27,33.11
11.0,33.661
13.48,33.85
13.54,33.0
12.39,33.204
17.78,33.583
12.49,33.465
8.97,33.995
18.65,33.421
24.72,33.93
8.77,34.31
9.65,34.54
6.33,34.55
7.98,34.11
18.1,34.11
16.17,33.441
1.63,34.653
16.6,35.29
5.52,34.18
8.56,34.218
9.54,33.67
6.72,34.35
12.2,33.35
13.66,33.509
12.66,33.23
5.91,34.24
22.96,34.25
6.47,34.027
9.77,33.876
7.88,34.152
16.77,33.423
10.23,33.827
8.1,34.23
6.96,34.305
6.13,34.22
15.37,33.259
5.06,34.25
15.49,33.3
16.62,33.96
9.29,33.64
10.16,33.907
13.49,33.468
5.79,34.23
12.36,33.4
15.5,33.3
10.22,33.543
11.98,32.83
16.51,33.428
7.08,34.111
12.81,33.176
4.14,34.477
14.57,33.375
6.78,34.52
12.47,33.491
13.68,33.165
6.11,34.224
12.92,33.18
